año;organismo;programa;economica;sp;descripcion;presupuesto;liquidacion
2010;1;1100;;;Deuda Pública;434486.54;336917.13
2011;1;1100;;;Deuda Pública;485195.74;443940.33
2012;1;1100;;;Deuda Pública;782517.68;719304.59
2013;1;1100;;;Deuda Pública;792484.35;677851.81
2014;1;1100;;;Deuda Pública;401000;846716.41
2015;1;1100;;;Deuda Pública;378879;440423.56
2016;1;1100;;;Deuda Pública;312561;271787.89
2017;1;1100;;;Deuda Pública;246426;1136692.9
2018;1;1100;;;Deuda Pública;170054.5;145461.48
2019;1;1100;;;Deuda Pública;59020;52139.96
2020;1;1100;;;Deuda Pública;57520;56534.64
2021;1;1100;;;Deuda Pública;64200;60004.21
2022;1;1100;;;Deuda Pública;69533.34;68580.21
2023;1;1100;;;Deuda Pública;125412;108642.49
2024;1;1100;;;Deuda Pública;198604.29;160461.82
2010;1;13200;;;Seguridad y Orden Público;810789.11;569657.24
2011;1;13200;;;Seguridad y Orden Público;795840.53;662162.67
2012;1;13200;;;Seguridad y Orden Público;795509.19;642850.37
2013;1;13200;;;Seguridad y Orden Público;783981.29;645008.15
2014;1;13200;;;Seguridad y Orden Público;791639.39;667530.58
2015;1;13200;;;Seguridad y Orden Público;792695.72;673276.74
2016;1;13200;;;Seguridad y Orden Público;797359.93;656541.76
2017;1;13200;;;Seguridad y Orden Público;790010.29;711495.25
2018;1;13200;;;Seguridad y Orden Público;803968.29;743360.29
2019;1;13200;;;Seguridad y Orden Público;820972.93;694279.82
2020;1;13200;;;Seguridad y Orden Público;894147.83;866749.75
2021;1;13200;;;Seguridad y Orden Público;902066.8;784123.45
2022;1;13200;;;Seguridad y Orden Público;875348.8;856844.98
2023;1;13200;;;Seguridad y Orden Público;862086.97;802446.99
2024;1;13200;;;Seguridad y Orden Público;949369.52;866542.34
2010;1;13300;;;Seguridad del Tráfico y del estacionamiento;14600;8550.41
2011;1;13300;;;Seguridad del Tráfico y del estacionamiento;15600;21570.88
2012;1;13300;;;Seguridad del Tráfico y del estacionamiento;10725;12327.61
2013;1;13300;;;Seguridad del Tráfico y del estacionamiento;14400;10358.08
2014;1;13300;;;Seguridad del Tráfico y del estacionamiento;10440;6747.1
2015;1;13300;;;Seguridad del Tráfico y del estacionamiento;17400;32180.59
2016;1;13300;;;Seguridad del Tráfico y del estacionamiento;30000;6427.78
2017;1;13300;;;Seguridad del Tráfico y del estacionamiento;33600;22430.9
2018;1;13300;;;Seguridad del Tráfico y del estacionamiento;5650;6190.3
2019;1;13300;;;Seguridad del Tráfico y del estacionamiento;5650;90304.89
2020;1;13300;;;Seguridad del Tráfico y del estacionamiento;9750;62137.38
2021;1;13300;;;Seguridad del Tráfico y del estacionamiento;10750;34346.79
2022;1;13300;;;Seguridad del Tráfico y del estacionamiento;10750;33489.23
2023;1;13300;;;Seguridad del Tráfico y del estacionamiento;11650;11167.28
2024;1;13300;;;Seguridad del Tráfico y del estacionamiento;10350;7763.06
2010;1;13500;;;Protección civil;4100;4084.69
2011;1;13500;;;Protección civil;7200;5901.98
2012;1;13500;;;Protección civil;9600;6932.38
2013;1;13500;;;Protección civil;6000;2470.6
2014;1;13500;;;Protección civil;3820;3623.99
2015;1;13500;;;Protección civil;4906;5018.83
2016;1;13500;;;Protección civil;6630;7833.33
2017;1;13500;;;Protección civil;4200;3935.13
2018;1;13500;;;Protección civil;10150;8117.09
2019;1;13500;;;Protección civil;3100;3907.7
2020;1;13500;;;Protección civil;3350;3432.33
2021;1;13500;;;Protección civil;3500;4136.35
2022;1;13500;;;Protección civil;3500;3534.11
2023;1;13500;;;Protección civil;3500;2196.04
2024;1;13500;;;Protección civil;2700;3222.71
2010;1;13600;;;Servicio de extinción de incendios;183998;176844.9
2011;1;13600;;;Servicio de extinción de incendios;183998;176031.84
2012;1;13600;;;Servicio de extinción de incendios;178000;172740.17
2013;1;13600;;;Servicio de extinción de incendios;180000;172700.48
2014;1;13600;;;Servicio de extinción de incendios;100000;171558.92
2015;1;13600;;;Servicio de extinción de incendios;39574;39573.18
2016;1;13600;;;Servicio de extinción de incendios;40000;40010.07
2017;1;13600;;;Servicio de extinción de incendios;40500;40455.14
2018;1;13600;;;Servicio de extinción de incendios;41253.95;41253.91
2019;1;13600;;;Servicio de extinción de incendios;41892.59;41892.59
2020;1;13600;;;Servicio de extinción de incendios;0;0
2021;1;13600;;;Servicio de extinción de incendios;0;0
2022;1;13600;;;Servicio de extinción de incendios;0;0
2023;1;13600;;;Servicio de extinción de incendios;0;0
2024;1;13600;;;Servicio de extinción de incendios;0;0
2010;1;15000;;;Administración General de Vivienda y Urbanismo;239785.37;262548.68
2011;1;15000;;;Administración General de Vivienda y Urbanismo;288896.97;434202.82
2012;1;15000;;;Administración General de Vivienda y Urbanismo;329381.75;388197.46
2013;1;15000;;;Administración General de Vivienda y Urbanismo;381858.86;336341.34
2014;1;15000;;;Administración General de Vivienda y Urbanismo;371297.18;363715.94
2015;1;15000;;;Administración General de Vivienda y Urbanismo;365007.8;324287.84
2016;1;15000;;;Administración General de Vivienda y Urbanismo;371694.45;332473.03
2017;1;15000;;;Administración General de Vivienda y Urbanismo;377454.91;337237.54
2018;1;15000;;;Administración General de Vivienda y Urbanismo;364050.63;360956.73
2019;1;15000;;;Administración General de Vivienda y Urbanismo;428722.65;338134.86
2020;1;15000;;;Administración General de Vivienda y Urbanismo;441389.01;430108.28
2021;1;15000;;;Administración General de Vivienda y Urbanismo;486245.37;437333.8
2022;1;15000;;;Administración General de Vivienda y Urbanismo;472751.48;476097.28
2023;1;15000;;;Administración General de Vivienda y Urbanismo;478698.8;458396.18
2024;1;15000;;;Administración General de Vivienda y Urbanismo;494390.29;462946.93
2010;1;15100;;;Urbanismo: planeamiento, gestión, ejecución y disciplina urbaníst;0;0
2011;1;15100;;;Urbanismo: planeamiento, gestión, ejecución y disciplina urbaníst;0;0
2012;1;15100;;;Urbanismo: planeamiento, gestión, ejecución y disciplina urbaníst;0;0
2013;1;15100;;;Urbanismo: planeamiento, gestión, ejecución y disciplina urbaníst;0;0
2014;1;15100;;;Urbanismo: planeamiento, gestión, ejecución y disciplina urbaníst;0;0
2015;1;15100;;;Urbanismo: planeamiento, gestión, ejecución y disciplina urbaníst;25000;15605.37
2016;1;15100;;;Urbanismo: planeamiento, gestión, ejecución y disciplina urbaníst;20000;11918.5
2017;1;15100;;;Urbanismo: planeamiento, gestión, ejecución y disciplina urbaníst;20000;18280.68
2018;1;15100;;;Urbanismo: planeamiento, gestión, ejecución y disciplina urbaníst;40000;39595.63
2019;1;15100;;;Urbanismo: planeamiento, gestión, ejecución y disciplina urbaníst;41000;37145.07
2020;1;15100;;;Urbanismo: planeamiento, gestión, ejecución y disciplina urbaníst;20000;9196
2021;1;15100;;;Urbanismo: planeamiento, gestión, ejecución y disciplina urbaníst;30000;17865.65
2022;1;15100;;;Urbanismo: planeamiento, gestión, ejecución y disciplina urbaníst;28000;55939.27
2023;1;15100;;;Urbanismo: planeamiento, gestión, ejecución y disciplina urbaníst;20000;15291.67
2024;1;15100;;;Urbanismo: planeamiento, gestión, ejecución y disciplina urbaníst;14000;12771.55
2010;1;15320;;;Pavimentación de vías públicas.;0;0
2011;1;15320;;;Pavimentación de vías públicas.;0;0
2012;1;15320;;;Pavimentación de vías públicas.;0;0
2013;1;15320;;;Pavimentación de vías públicas.;0;0
2014;1;15320;;;Pavimentación de vías públicas.;0;0
2015;1;15320;;;Pavimentación de vías públicas.;0;21383.36
2016;1;15320;;;Pavimentación de vías públicas.;0;345511.74
2017;1;15320;;;Pavimentación de vías públicas.;0;299072.59
2018;1;15320;;;Pavimentación de vías públicas.;4000;398485.51
2019;1;15320;;;Pavimentación de vías públicas.;0;0
2020;1;15320;;;Pavimentación de vías públicas.;6946.78;16896.61
2021;1;15320;;;Pavimentación de vías públicas.;110000;51502.5
2022;1;15320;;;Pavimentación de vías públicas.;0;114516.59
2023;1;15320;;;Pavimentación de vías públicas.;0;0
2024;1;15320;;;Pavimentación de vías públicas.;0;0
2010;1;15321;;;Vías Públicas: otros gastos;0;0
2011;1;15321;;;Vías Públicas: otros gastos;0;0
2012;1;15321;;;Vías Públicas: otros gastos;0;0
2013;1;15321;;;Vías Públicas: otros gastos;0;0
2014;1;15321;;;Vías Públicas: otros gastos;0;0
2015;1;15321;;;Vías Públicas: otros gastos;20000;12055.67
2016;1;15321;;;Vías Públicas: otros gastos;27865;50971.91
2017;1;15321;;;Vías Públicas: otros gastos;30000;42377.33
2018;1;15321;;;Vías Públicas: otros gastos;33000;63182.19
2019;1;15321;;;Vías Públicas: otros gastos;33000;62818.78
2020;1;15321;;;Vías Públicas: otros gastos;40000;35776.08
2021;1;15321;;;Vías Públicas: otros gastos;95000;303121.06
2022;1;15321;;;Vías Públicas: otros gastos;47000;179796.38
2023;1;15321;;;Vías Públicas: otros gastos;66140.97;227518.71
2024;1;15321;;;Vías Públicas: otros gastos;35000;22974.47
2010;1;15322;;;Pavimentación de vías públicas.;0;0
2011;1;15322;;;Pavimentación de vías públicas.;0;0
2012;1;15322;;;Pavimentación de vías públicas.;0;0
2013;1;15322;;;Pavimentación de vías públicas.;0;0
2014;1;15322;;;Pavimentación de vías públicas.;0;0
2015;1;15322;;;Pavimentación de vías públicas.;0;59283.87
2016;1;15322;;;Pavimentación de vías públicas.;0;0
2017;1;15322;;;Pavimentación de vías públicas.;0;0
2018;1;15322;;;Pavimentación de vías públicas.;0;0
2019;1;15322;;;Pavimentación de vías públicas.;0;0
2020;1;15322;;;Pavimentación de vías públicas.;0;0
2021;1;15322;;;Pavimentación de vías públicas.;0;0
2022;1;15322;;;Pavimentación de vías públicas.;0;0
2023;1;15322;;;Pavimentación de vías públicas.;0;0
2024;1;15322;;;Pavimentación de vías públicas.;0;0
2010;1;15323;;;Pavimentación de vías públicas.;0;0
2011;1;15323;;;Pavimentación de vías públicas.;0;0
2012;1;15323;;;Pavimentación de vías públicas.;0;0
2013;1;15323;;;Pavimentación de vías públicas.;0;0
2014;1;15323;;;Pavimentación de vías públicas.;0;0
2015;1;15323;;;Pavimentación de vías públicas.;0;70537.94
2016;1;15323;;;Pavimentación de vías públicas.;0;0
2017;1;15323;;;Pavimentación de vías públicas.;0;0
2018;1;15323;;;Pavimentación de vías públicas.;0;0
2019;1;15323;;;Pavimentación de vías públicas.;0;0
2020;1;15323;;;Pavimentación de vías públicas.;0;0
2021;1;15323;;;Pavimentación de vías públicas.;0;0
2022;1;15323;;;Pavimentación de vías públicas.;0;0
2023;1;15323;;;Pavimentación de vías públicas.;0;0
2024;1;15323;;;Pavimentación de vías públicas.;0;0
2010;1;15500;;1;Vías Públicas;200685;315507.18
2011;1;15500;;1;Vías Públicas;221685;239349.75
2012;1;15500;;1;Vías Públicas;46000;27115.25
2013;1;15500;;1;Vías Públicas;36000;166382.5
2014;1;15500;;1;Vías Públicas;121000;23217.3
2015;1;15500;;1;Vías Públicas;0;0
2016;1;15500;;1;Vías Públicas;0;0
2017;1;15500;;1;Vías Públicas;0;0
2018;1;15500;;1;Vías Públicas;0;0
2019;1;15500;;1;Vías Públicas;0;0
2020;1;15500;;1;Vías Públicas;0;0
2021;1;15500;;1;Vías Públicas;0;0
2022;1;15500;;1;Vías Públicas;0;0
2023;1;15500;;1;Vías Públicas;0;0
2024;1;15500;;1;Vías Públicas;0;0
2010;1;16000;;1;Alcantarillado.;0;0
2011;1;16000;;1;Alcantarillado.;0;0
2012;1;16000;;1;Alcantarillado.;0;0
2013;1;16000;;1;Alcantarillado.;0;0
2014;1;16000;;1;Alcantarillado.;0;0
2015;1;16000;;1;Alcantarillado.;29600;38018.09
2016;1;16000;;1;Alcantarillado.;22100;19396.92
2017;1;16000;;1;Alcantarillado.;22100;26496.86
2018;1;16000;;1;Alcantarillado.;27200;32740.29
2019;1;16000;;1;Alcantarillado.;31200;25797.25
2020;1;16000;;1;Alcantarillado.;38435.19;28097.01
2021;1;16000;;1;Alcantarillado.;42200;75950.89
2022;1;16000;;1;Alcantarillado.;42200;56588.79
2023;1;16000;;1;Alcantarillado.;38200;44453.87
2024;1;16000;;1;Alcantarillado.;36730;67661.57
2010;1;16010;;;Depuración de aguas;330000;326200
2011;1;16010;;;Depuración de aguas;330000;330400
2012;1;16010;;;Depuración de aguas;330000;82600
2013;1;16010;;;Depuración de aguas;360000;527318.28
2014;1;16010;;;Depuración de aguas;300000;329403.18
2015;1;16010;;;Depuración de aguas;307000;22642.6
2016;1;16010;;;Depuración de aguas;388310;19052.11
2017;1;16010;;;Depuración de aguas;389310;19052.11
2018;1;16010;;;Depuración de aguas;389310;1116512.65
2019;1;16010;;;Depuración de aguas;430000;841328.28
2020;1;16010;;;Depuración de aguas;430000;412528.93
2021;1;16010;;;Depuración de aguas;390000;352205.48
2022;1;16010;;;Depuración de aguas;370000;428072.77
2023;1;16010;;;Depuración de aguas;420000;411749.52
2024;1;16010;;;Depuración de aguas;350000;424439.16
2010;1;16100;;1;Abastecimiento domiciliario de agua potable.;0;0
2011;1;16100;;1;Abastecimiento domiciliario de agua potable.;0;0
2012;1;16100;;1;Abastecimiento domiciliario de agua potable.;0;0
2013;1;16100;;1;Abastecimiento domiciliario de agua potable.;0;0
2014;1;16100;;1;Abastecimiento domiciliario de agua potable.;0;0
2015;1;16100;;1;Abastecimiento domiciliario de agua potable.;508000;745156.54
2016;1;16100;;1;Abastecimiento domiciliario de agua potable.;780500;749662.5
2017;1;16100;;1;Abastecimiento domiciliario de agua potable.;736000;735067.88
2018;1;16100;;1;Abastecimiento domiciliario de agua potable.;746300;751797.89
2019;1;16100;;1;Abastecimiento domiciliario de agua potable.;736300;803575.82
2020;1;16100;;1;Abastecimiento domiciliario de agua potable.;736300;795887.32
2021;1;16100;;1;Abastecimiento domiciliario de agua potable.;786300;834743.17
2022;1;16100;;1;Abastecimiento domiciliario de agua potable.;838300;860391.07
2023;1;16100;;1;Abastecimiento domiciliario de agua potable.;847300;901015.65
2024;1;16100;;1;Abastecimiento domiciliario de agua potable.;844500;946437.36
2010;1;16101;;;Abastecimiento y distribución de aguas;810000;761527
2011;1;16101;;;Abastecimiento y distribución de aguas;865000;897922.59
2012;1;16101;;;Abastecimiento y distribución de aguas;917000;983927.03
2013;1;16101;;;Abastecimiento y distribución de aguas;948500;754940.15
2014;1;16101;;;Abastecimiento y distribución de aguas;758100;806009.71
2015;1;16101;;;Abastecimiento y distribución de aguas;0;81971.59
2016;1;16101;;;Abastecimiento y distribución de aguas;0;0
2017;1;16101;;;Abastecimiento y distribución de aguas;0;0
2018;1;16101;;;Abastecimiento y distribución de aguas;0;0
2019;1;16101;;;Abastecimiento y distribución de aguas;0;0
2020;1;16101;;;Abastecimiento y distribución de aguas;0;0
2021;1;16101;;;Abastecimiento y distribución de aguas;0;0
2022;1;16101;;;Abastecimiento y distribución de aguas;0;0
2023;1;16101;;;Abastecimiento y distribución de aguas;0;0
2024;1;16101;;;Abastecimiento y distribución de aguas;0;0
2010;1;16102;;;Saneamiento de aguas;77200;193001.04
2011;1;16102;;;Saneamiento de aguas;53000;40671.49
2012;1;16102;;;Saneamiento de aguas;48706;24019.49
2013;1;16102;;;Saneamiento de aguas;48906;245222.12
2014;1;16102;;;Saneamiento de aguas;26000;29109.18
2015;1;16102;;;Saneamiento de aguas;0;0
2016;1;16102;;;Saneamiento de aguas;0;0
2017;1;16102;;;Saneamiento de aguas;0;0
2018;1;16102;;;Saneamiento de aguas;0;0
2019;1;16102;;;Saneamiento de aguas;0;0
2020;1;16102;;;Saneamiento de aguas;0;0
2021;1;16102;;;Saneamiento de aguas;0;0
2022;1;16102;;;Saneamiento de aguas;0;0
2023;1;16102;;;Saneamiento de aguas;0;0
2024;1;16102;;;Saneamiento de aguas;0;0
2010;1;16210;;1;Recogida de residuos.;578316.64;433756.35
2011;1;16210;;1;Recogida de residuos.;494000;496217.75
2012;1;16210;;1;Recogida de residuos.;513000;517290.88
2013;1;16210;;1;Recogida de residuos.;533320;528424.74
2014;1;16210;;1;Recogida de residuos.;553060;534989.43
2015;1;16210;;1;Recogida de residuos.;540910;548501.5
2016;1;16210;;1;Recogida de residuos.;556000;276868.54
2017;1;16210;;1;Recogida de residuos.;557392.11;552534.51
2018;1;16210;;1;Recogida de residuos.;573700;535466.55
2019;1;16210;;1;Recogida de residuos.;532700;531268.77
2020;1;16210;;1;Recogida de residuos.;561437.02;562258.46
2021;1;16210;;1;Recogida de residuos.;576700;571992.09
2022;1;16210;;1;Recogida de residuos.;640700;611741.56
2023;1;16210;;1;Recogida de residuos.;689080.98;657039.81
2024;1;16210;;1;Recogida de residuos.;882325.99;816524.31
2010;1;16300;;;Limpieza viaria;192750.33;44746.3
2011;1;16300;;;Limpieza viaria;129065.74;47806.56
2012;1;16300;;;Limpieza viaria;99436.18;40658.33
2013;1;16300;;;Limpieza viaria;94436.18;34494.49
2014;1;16300;;;Limpieza viaria;94436.18;43351
2015;1;16300;;;Limpieza viaria;134985.9;87429.82
2016;1;16300;;;Limpieza viaria;95408.92;93018.68
2017;1;16300;;;Limpieza viaria;130759.71;103846.09
2018;1;16300;;;Limpieza viaria;104474.57;108214.78
2019;1;16300;;;Limpieza viaria;169075.29;144806.66
2020;1;16300;;;Limpieza viaria;165032.9;183988.86
2021;1;16300;;;Limpieza viaria;163564.17;147493.85
2022;1;16300;;;Limpieza viaria;165231.9;118152.16
2023;1;16300;;;Limpieza viaria;175970.15;189071.24
2024;1;16300;;;Limpieza viaria;197253.91;181447.05
2010;1;16400;;;Cementerio y servicios funerarios;98977.62;77363.37
2011;1;16400;;;Cementerio y servicios funerarios;99794.02;99553.44
2012;1;16400;;;Cementerio y servicios funerarios;105455.07;77094.99
2013;1;16400;;;Cementerio y servicios funerarios;105051.79;103109.94
2014;1;16400;;;Cementerio y servicios funerarios;105264.59;95964.61
2015;1;16400;;;Cementerio y servicios funerarios;88152.28;82893.03
2016;1;16400;;;Cementerio y servicios funerarios;92873.47;79992.19
2017;1;16400;;;Cementerio y servicios funerarios;92923.72;94312.93
2018;1;16400;;;Cementerio y servicios funerarios;92218.35;89344
2019;1;16400;;;Cementerio y servicios funerarios;101016.43;155521.77
2020;1;16400;;;Cementerio y servicios funerarios;113475.45;170927.43
2021;1;16400;;;Cementerio y servicios funerarios;117769.31;96528.73
2022;1;16400;;;Cementerio y servicios funerarios;162737.69;155136.72
2023;1;16400;;;Cementerio y servicios funerarios;165080.44;117589.2
2024;1;16400;;;Cementerio y servicios funerarios;127754.06;200624.35
2010;1;16500;;;Alumbrado público;401800;732617.15
2011;1;16500;;;Alumbrado público;389447.2;394506.68
2012;1;16500;;;Alumbrado público;395500;350541.07
2013;1;16500;;;Alumbrado público;310000;295627.96
2014;1;16500;;;Alumbrado público;320000;316634.92
2015;1;16500;;;Alumbrado público;300000;369535.87
2016;1;16500;;;Alumbrado público;300000;322067.52
2017;1;16500;;;Alumbrado público;340000;350327.89
2018;1;16500;;;Alumbrado público;359447.03;354648.12
2019;1;16500;;;Alumbrado público;346000;345886.85
2020;1;16500;;;Alumbrado público;411000;451565.64
2021;1;16500;;;Alumbrado público;322000;768188.22
2022;1;16500;;;Alumbrado público;377000;512330.78
2023;1;16500;;;Alumbrado público;427000;402359.67
2024;1;16500;;;Alumbrado público;309651;280629.77
2010;1;17000;;;Administración general del medio ambiente;290239.78;236694.25
2011;1;17000;;;Administración general del medio ambiente;156057.68;147728.66
2012;1;17000;;;Administración general del medio ambiente;161708.55;132148.32
2013;1;17000;;;Administración general del medio ambiente;162100.47;139958.86
2014;1;17000;;;Administración general del medio ambiente;161713.91;139783.67
2015;1;17000;;;Administración general del medio ambiente;207425.54;201376.75
2016;1;17000;;;Administración general del medio ambiente;226151.6;215260.65
2017;1;17000;;;Administración general del medio ambiente;0;0
2018;1;17000;;;Administración general del medio ambiente;0;0
2019;1;17000;;;Administración general del medio ambiente;0;0
2020;1;17000;;;Administración general del medio ambiente;264715.09;0
2021;1;17000;;;Administración general del medio ambiente;0;0
2022;1;17000;;;Administración general del medio ambiente;0;0
2023;1;17000;;;Administración general del medio ambiente;0;0
2024;1;17000;;;Administración general del medio ambiente;0;0
2010;1;17100;;1;Parques y jardines;0;0
2011;1;17100;;1;Parques y jardines;0;0
2012;1;17100;;1;Parques y jardines;0;0
2013;1;17100;;1;Parques y jardines;0;0
2014;1;17100;;1;Parques y jardines;0;331.06
2015;1;17100;;1;Parques y jardines;0;99989.06
2016;1;17100;;1;Parques y jardines;0;0
2017;1;17100;;1;Parques y jardines;232159.33;288472.74
2018;1;17100;;1;Parques y jardines;268072.87;251951.37
2019;1;17100;;1;Parques y jardines;248245.56;231323.2
2020;1;17100;;1;Parques y jardines;0;319500.63
2021;1;17100;;1;Parques y jardines;277628.28;217511.77
2022;1;17100;;1;Parques y jardines;274533.54;221430.88
2023;1;17100;;1;Parques y jardines;271179.74;226190.65
2024;1;17100;;1;Parques y jardines;290346.25;204264.47
2010;1;17101;;1;Parques y jardines;0;0
2011;1;17101;;1;Parques y jardines;0;0
2012;1;17101;;1;Parques y jardines;0;0
2013;1;17101;;1;Parques y jardines;0;0
2014;1;17101;;1;Parques y jardines;0;0
2015;1;17101;;1;Parques y jardines;0;14780.15
2016;1;17101;;1;Parques y jardines;0;0
2017;1;17101;;1;Parques y jardines;0;0
2018;1;17101;;1;Parques y jardines;0;0
2019;1;17101;;1;Parques y jardines;0;0
2020;1;17101;;1;Parques y jardines;0;0
2021;1;17101;;1;Parques y jardines;0;0
2022;1;17101;;1;Parques y jardines;0;0
2023;1;17101;;1;Parques y jardines;0;0
2024;1;17101;;1;Parques y jardines;0;0
2010;1;17102;;1;Parques y jardines;0;0
2011;1;17102;;1;Parques y jardines;0;0
2012;1;17102;;1;Parques y jardines;0;0
2013;1;17102;;1;Parques y jardines;0;0
2014;1;17102;;1;Parques y jardines;0;0
2015;1;17102;;1;Parques y jardines;0;142665.63
2016;1;17102;;1;Parques y jardines;0;0
2017;1;17102;;1;Parques y jardines;0;0
2018;1;17102;;1;Parques y jardines;0;0
2019;1;17102;;1;Parques y jardines;0;0
2020;1;17102;;1;Parques y jardines;0;0
2021;1;17102;;1;Parques y jardines;0;0
2022;1;17102;;1;Parques y jardines;0;0
2023;1;17102;;1;Parques y jardines;0;0
2024;1;17102;;1;Parques y jardines;0;0
2010;1;17103;;1;Parques y jardines;0;0
2011;1;17103;;1;Parques y jardines;0;0
2012;1;17103;;1;Parques y jardines;0;0
2013;1;17103;;1;Parques y jardines;0;0
2014;1;17103;;1;Parques y jardines;0;0
2015;1;17103;;1;Parques y jardines;0;24409.33
2016;1;17103;;1;Parques y jardines;0;0
2017;1;17103;;1;Parques y jardines;0;0
2018;1;17103;;1;Parques y jardines;0;0
2019;1;17103;;1;Parques y jardines;0;0
2020;1;17103;;1;Parques y jardines;0;0
2021;1;17103;;1;Parques y jardines;0;0
2022;1;17103;;1;Parques y jardines;0;0
2023;1;17103;;1;Parques y jardines;0;0
2024;1;17103;;1;Parques y jardines;0;0
2010;1;17104;;1;Parques y jardines;0;0
2011;1;17104;;1;Parques y jardines;0;0
2012;1;17104;;1;Parques y jardines;0;0
2013;1;17104;;1;Parques y jardines;0;0
2014;1;17104;;1;Parques y jardines;0;0
2015;1;17104;;1;Parques y jardines;0;16414.11
2016;1;17104;;1;Parques y jardines;0;0
2017;1;17104;;1;Parques y jardines;0;0
2018;1;17104;;1;Parques y jardines;0;0
2019;1;17104;;1;Parques y jardines;0;0
2020;1;17104;;1;Parques y jardines;0;0
2021;1;17104;;1;Parques y jardines;0;0
2022;1;17104;;1;Parques y jardines;0;0
2023;1;17104;;1;Parques y jardines;0;0
2024;1;17104;;1;Parques y jardines;0;0
2010;1;17105;;1;Parques y jardines;0;0
2011;1;17105;;1;Parques y jardines;0;0
2012;1;17105;;1;Parques y jardines;0;0
2013;1;17105;;1;Parques y jardines;0;0
2014;1;17105;;1;Parques y jardines;0;0
2015;1;17105;;1;Parques y jardines;0;14924.41
2016;1;17105;;1;Parques y jardines;0;0
2017;1;17105;;1;Parques y jardines;0;0
2018;1;17105;;1;Parques y jardines;0;0
2019;1;17105;;1;Parques y jardines;0;0
2020;1;17105;;1;Parques y jardines;0;0
2021;1;17105;;1;Parques y jardines;0;0
2022;1;17105;;1;Parques y jardines;0;0
2023;1;17105;;1;Parques y jardines;0;0
2024;1;17105;;1;Parques y jardines;0;0
2010;1;17106;;1;Parques y jardines;0;0
2011;1;17106;;1;Parques y jardines;0;0
2012;1;17106;;1;Parques y jardines;0;0
2013;1;17106;;1;Parques y jardines;0;0
2014;1;17106;;1;Parques y jardines;0;0
2015;1;17106;;1;Parques y jardines;0;0
2016;1;17106;;1;Parques y jardines;0;180952.17
2017;1;17106;;1;Parques y jardines;0;0
2018;1;17106;;1;Parques y jardines;0;0
2019;1;17106;;1;Parques y jardines;0;0
2020;1;17106;;1;Parques y jardines;0;0
2021;1;17106;;1;Parques y jardines;0;0
2022;1;17106;;1;Parques y jardines;0;0
2023;1;17106;;1;Parques y jardines;0;0
2024;1;17106;;1;Parques y jardines;0;0
2010;1;17200;;1;Protección y mejora del medio ambiente;56000;153948.07
2011;1;17200;;1;Protección y mejora del medio ambiente;83500;125056.46
2012;1;17200;;1;Protección y mejora del medio ambiente;69200;47797.04
2013;1;17200;;1;Protección y mejora del medio ambiente;75500;84218.33
2014;1;17200;;1;Protección y mejora del medio ambiente;176960;249667.64
2015;1;17200;;1;Protección y mejora del medio ambiente;0;0
2016;1;17200;;1;Protección y mejora del medio ambiente;0;0
2017;1;17200;;1;Protección y mejora del medio ambiente;0;0
2018;1;17200;;1;Protección y mejora del medio ambiente;0;0
2019;1;17200;;1;Protección y mejora del medio ambiente;0;0
2020;1;17200;;1;Protección y mejora del medio ambiente;0;0
2021;1;17200;;1;Protección y mejora del medio ambiente;0;0
2022;1;17200;;1;Protección y mejora del medio ambiente;0;0
2023;1;17200;;1;Protección y mejora del medio ambiente;0;0
2024;1;17200;;1;Protección y mejora del medio ambiente;0;0
2010;1;17210;;1;Protección contra la contaminación acústica, lumínica y atmosféri;0;0
2011;1;17210;;1;Protección contra la contaminación acústica, lumínica y atmosféri;0;0
2012;1;17210;;1;Protección contra la contaminación acústica, lumínica y atmosféri;0;0
2013;1;17210;;1;Protección contra la contaminación acústica, lumínica y atmosféri;0;0
2014;1;17210;;1;Protección contra la contaminación acústica, lumínica y atmosféri;0;0
2015;1;17210;;1;Protección contra la contaminación acústica, lumínica y atmosféri;28580;133980.33
2016;1;17210;;1;Protección contra la contaminación acústica, lumínica y atmosféri;0;0
2017;1;17210;;1;Protección contra la contaminación acústica, lumínica y atmosféri;0;0
2018;1;17210;;1;Protección contra la contaminación acústica, lumínica y atmosféri;0;0
2019;1;17210;;1;Protección contra la contaminación acústica, lumínica y atmosféri;0;0
2020;1;17210;;1;Protección contra la contaminación acústica, lumínica y atmosféri;0;0
2021;1;17210;;1;Protección contra la contaminación acústica, lumínica y atmosféri;0;0
2022;1;17210;;1;Protección contra la contaminación acústica, lumínica y atmosféri;0;0
2023;1;17210;;1;Protección contra la contaminación acústica, lumínica y atmosféri;0;0
2024;1;17210;;1;Protección contra la contaminación acústica, lumínica y atmosféri;0;0
2010;1;21100;;;Pensiones;22500;14039.97
2011;1;21100;;;Pensiones;19000;14717.03
2012;1;21100;;;Pensiones;24100;14120.86
2013;1;21100;;;Pensiones;25600;13254.33
2014;1;21100;;;Pensiones;18500;13376.96
2015;1;21100;;;Pensiones;2100;1991.92
2016;1;21100;;;Pensiones;2100;1996.96
2017;1;21100;;;Pensiones;2100;2002
2018;1;21100;;;Pensiones;2100;1720.2
2019;1;21100;;;Pensiones;2100;869.26
2020;1;21100;;;Pensiones;0;0
2021;1;21100;;;Pensiones;0;0
2022;1;21100;;;Pensiones;0;0
2023;1;21100;;;Pensiones;0;0
2024;1;21100;;;Pensiones;0;0
2010;1;22100;;;Otras prestaciones económicas a favor de empleados;0;0
2011;1;22100;;;Otras prestaciones económicas a favor de empleados;0;0
2012;1;22100;;;Otras prestaciones económicas a favor de empleados;0;0
2013;1;22100;;;Otras prestaciones económicas a favor de empleados;0;0
2014;1;22100;;;Otras prestaciones económicas a favor de empleados;0;0
2015;1;22100;;;Otras prestaciones económicas a favor de empleados;10200;10190.49
2016;1;22100;;;Otras prestaciones económicas a favor de empleados;10200;17129.4
2017;1;22100;;;Otras prestaciones económicas a favor de empleados;10200;12538.5
2018;1;22100;;;Otras prestaciones económicas a favor de empleados;12600;10699.11
2019;1;22100;;;Otras prestaciones económicas a favor de empleados;12600;12598.64
2020;1;22100;;;Otras prestaciones económicas a favor de empleados;12600;11979.62
2021;1;22100;;;Otras prestaciones económicas a favor de empleados;12600;0
2022;1;22100;;;Otras prestaciones económicas a favor de empleados;25200;25199.47
2023;1;22100;;;Otras prestaciones económicas a favor de empleados;12400;12600
2024;1;22100;;;Otras prestaciones económicas a favor de empleados;14000;13900
2010;1;23000;;;Administración General de servicios sociales;439045.39;406066.54
2011;1;23000;;;Administración General de servicios sociales;378982.06;370317.25
2012;1;23000;;;Administración General de servicios sociales;346783.21;305808.14
2013;1;23000;;;Administración General de servicios sociales;397687.77;320694.24
2014;1;23000;;;Administración General de servicios sociales;402399.48;322175.67
2015;1;23000;;;Administración General de servicios sociales;0;0
2016;1;23000;;;Administración General de servicios sociales;0;0
2017;1;23000;;;Administración General de servicios sociales;0;0
2018;1;23000;;;Administración General de servicios sociales;0;0
2019;1;23000;;;Administración General de servicios sociales;0;0
2020;1;23000;;;Administración General de servicios sociales;0;0
2021;1;23000;;;Administración General de servicios sociales;0;0
2022;1;23000;;;Administración General de servicios sociales;0;0
2023;1;23000;;;Administración General de servicios sociales;0;0
2024;1;23000;;;Administración General de servicios sociales;0;0
2010;1;23100;;;Acción social;14000;5213
2011;1;23100;;;Acción social;14000;6018.52
2012;1;23100;;;Acción social;5500;2154.66
2013;1;23100;;;Acción social;5300;1934.67
2014;1;23100;;;Acción social;5000;3194.33
2015;1;23100;;;Acción social;79947.31;34836.95
2016;1;23100;;;Acción social;85900;36608.04
2017;1;23100;;;Acción social;84100;39749.97
2018;1;23100;;;Acción social;55150;40103.17
2019;1;23100;;;Acción social;60350;25450.41
2020;1;23100;;;Acción social;71500;49952.45
2021;1;23100;;;Acción social;55000;48486.27
2022;1;23100;;;Acción social;66400;51119.72
2023;1;23100;;;Acción social;59200;70781.33
2024;1;23100;;;Acción social;31500;35266.71
2010;1;23101;;1;Asistencia social primaria: APOYO PSIC. UNIDAD CONVIV.2014-2015;0;0
2011;1;23101;;1;Asistencia social primaria: APOYO PSIC. UNIDAD CONVIV.2014-2015;0;0
2012;1;23101;;1;Asistencia social primaria: APOYO PSIC. UNIDAD CONVIV.2014-2015;0;0
2013;1;23101;;1;Asistencia social primaria: APOYO PSIC. UNIDAD CONVIV.2014-2015;0;0
2014;1;23101;;1;Asistencia social primaria: APOYO PSIC. UNIDAD CONVIV.2014-2015;0;0
2015;1;23101;;1;Asistencia social primaria: APOYO PSIC. UNIDAD CONVIV.2014-2015;0;6036.29
2016;1;23101;;1;Asistencia social primaria: APOYO PSIC. UNIDAD CONVIV.2014-2015;0;0
2017;1;23101;;1;Asistencia social primaria: APOYO PSIC. UNIDAD CONVIV.2014-2015;0;0
2018;1;23101;;1;Asistencia social primaria: APOYO PSIC. UNIDAD CONVIV.2014-2015;0;0
2019;1;23101;;1;Asistencia social primaria: APOYO PSIC. UNIDAD CONVIV.2014-2015;0;0
2020;1;23101;;1;Asistencia social primaria: APOYO PSIC. UNIDAD CONVIV.2014-2015;0;0
2021;1;23101;;1;Asistencia social primaria: APOYO PSIC. UNIDAD CONVIV.2014-2015;0;0
2022;1;23101;;1;Asistencia social primaria: APOYO PSIC. UNIDAD CONVIV.2014-2015;0;0
2023;1;23101;;1;Asistencia social primaria: APOYO PSIC. UNIDAD CONVIV.2014-2015;0;0
2024;1;23101;;1;Asistencia social primaria: APOYO PSIC. UNIDAD CONVIV.2014-2015;0;0
2010;1;23102;;1;Asistencia social primaria.: PRISS JUNTA. Personas situac.Vulnera;0;0
2011;1;23102;;1;Asistencia social primaria.: PRISS JUNTA. Personas situac.Vulnera;0;0
2012;1;23102;;1;Asistencia social primaria.: PRISS JUNTA. Personas situac.Vulnera;0;0
2013;1;23102;;1;Asistencia social primaria.: PRISS JUNTA. Personas situac.Vulnera;0;0
2014;1;23102;;1;Asistencia social primaria.: PRISS JUNTA. Personas situac.Vulnera;0;0
2015;1;23102;;1;Asistencia social primaria.: PRISS JUNTA. Personas situac.Vulnera;0;6170.07
2016;1;23102;;1;Asistencia social primaria.: PRISS JUNTA. Personas situac.Vulnera;0;8203.08
2017;1;23102;;1;Asistencia social primaria.: PRISS JUNTA. Personas situac.Vulnera;0;0
2018;1;23102;;1;Asistencia social primaria.: PRISS JUNTA. Personas situac.Vulnera;0;0
2019;1;23102;;1;Asistencia social primaria.: PRISS JUNTA. Personas situac.Vulnera;0;0
2020;1;23102;;1;Asistencia social primaria.: PRISS JUNTA. Personas situac.Vulnera;0;0
2021;1;23102;;1;Asistencia social primaria.: PRISS JUNTA. Personas situac.Vulnera;0;0
2022;1;23102;;1;Asistencia social primaria.: PRISS JUNTA. Personas situac.Vulnera;0;0
2023;1;23102;;1;Asistencia social primaria.: PRISS JUNTA. Personas situac.Vulnera;0;0
2024;1;23102;;1;Asistencia social primaria.: PRISS JUNTA. Personas situac.Vulnera;0;0
2010;1;23103;;1;Asistencia social primaria.:APOYO PSICO. UNIDAD CONVIVENCIAL;0;0
2011;1;23103;;1;Asistencia social primaria.:APOYO PSICO. UNIDAD CONVIVENCIAL;0;0
2012;1;23103;;1;Asistencia social primaria.:APOYO PSICO. UNIDAD CONVIVENCIAL;0;0
2013;1;23103;;1;Asistencia social primaria.:APOYO PSICO. UNIDAD CONVIVENCIAL;0;0
2014;1;23103;;1;Asistencia social primaria.:APOYO PSICO. UNIDAD CONVIVENCIAL;0;0
2015;1;23103;;1;Asistencia social primaria.:APOYO PSICO. UNIDAD CONVIVENCIAL;0;1345.97
2016;1;23103;;1;Asistencia social primaria.:APOYO PSICO. UNIDAD CONVIVENCIAL;0;8313.56
2017;1;23103;;1;Asistencia social primaria.:APOYO PSICO. UNIDAD CONVIVENCIAL;0;0
2018;1;23103;;1;Asistencia social primaria.:APOYO PSICO. UNIDAD CONVIVENCIAL;0;0
2019;1;23103;;1;Asistencia social primaria.:APOYO PSICO. UNIDAD CONVIVENCIAL;0;0
2020;1;23103;;1;Asistencia social primaria.:APOYO PSICO. UNIDAD CONVIVENCIAL;3973.15;0
2021;1;23103;;1;Asistencia social primaria.:APOYO PSICO. UNIDAD CONVIVENCIAL;0;0
2022;1;23103;;1;Asistencia social primaria.:APOYO PSICO. UNIDAD CONVIVENCIAL;0;0
2023;1;23103;;1;Asistencia social primaria.:APOYO PSICO. UNIDAD CONVIVENCIAL;0;0
2024;1;23103;;1;Asistencia social primaria.:APOYO PSICO. UNIDAD CONVIVENCIAL;0;0
2010;1;23104;;1;Asistencia social primaria: ¿?;0;0
2011;1;23104;;1;Asistencia social primaria: ¿?;0;0
2012;1;23104;;1;Asistencia social primaria: ¿?;0;0
2013;1;23104;;1;Asistencia social primaria: ¿?;0;0
2014;1;23104;;1;Asistencia social primaria: ¿?;0;0
2015;1;23104;;1;Asistencia social primaria: ¿?;0;0
2016;1;23104;;1;Asistencia social primaria: ¿?;0;2691.94
2017;1;23104;;1;Asistencia social primaria: ¿?;3973.15;6967.59
2018;1;23104;;1;Asistencia social primaria: ¿?;3973.15;0
2019;1;23104;;1;Asistencia social primaria: ¿?;3973.15;0
2020;1;23104;;1;Asistencia social primaria: ¿?;0;0
2021;1;23104;;1;Asistencia social primaria: ¿?;0;0
2022;1;23104;;1;Asistencia social primaria: ¿?;0;0
2023;1;23104;;1;Asistencia social primaria: ¿?;0;0
2024;1;23104;;1;Asistencia social primaria: ¿?;0;0
2010;1;23110;;1;Asistencia social primaria: CENTRO DE LA MUJER.;0;0
2011;1;23110;;1;Asistencia social primaria: CENTRO DE LA MUJER.;0;0
2012;1;23110;;1;Asistencia social primaria: CENTRO DE LA MUJER.;0;0
2013;1;23110;;1;Asistencia social primaria: CENTRO DE LA MUJER.;0;0
2014;1;23110;;1;Asistencia social primaria: CENTRO DE LA MUJER.;0;0
2015;1;23110;;1;Asistencia social primaria: CENTRO DE LA MUJER.;123483.96;127343.5
2016;1;23110;;1;Asistencia social primaria: CENTRO DE LA MUJER.;125765.76;127415.15
2017;1;23110;;1;Asistencia social primaria: CENTRO DE LA MUJER.;126155.54;128071.29
2018;1;23110;;1;Asistencia social primaria: CENTRO DE LA MUJER.;126255.54;141364.38
2019;1;23110;;1;Asistencia social primaria: CENTRO DE LA MUJER.;160767.09;157513.43
2020;1;23110;;1;Asistencia social primaria: CENTRO DE LA MUJER.;200940.37;180491.24
2021;1;23110;;1;Asistencia social primaria: CENTRO DE LA MUJER.;203351.76;180675.11
2022;1;23110;;1;Asistencia social primaria: CENTRO DE LA MUJER.;176411.72;176321.87
2023;1;23110;;1;Asistencia social primaria: CENTRO DE LA MUJER.;182172.68;176773.23
2024;1;23110;;1;Asistencia social primaria: CENTRO DE LA MUJER.;180875.99;173244.33
2010;1;23111;;1;Asistencia social primaria: ;0;0
2011;1;23111;;1;Asistencia social primaria: ;0;0
2012;1;23111;;1;Asistencia social primaria: ;0;0
2013;1;23111;;1;Asistencia social primaria: ;0;0
2014;1;23111;;1;Asistencia social primaria: ;0;0
2015;1;23111;;1;Asistencia social primaria: ;0;0
2016;1;23111;;1;Asistencia social primaria: ;0;0
2017;1;23111;;1;Asistencia social primaria: ;0;0
2018;1;23111;;1;Asistencia social primaria: ;0;0
2019;1;23111;;1;Asistencia social primaria: ;0;0
2020;1;23111;;1;Asistencia social primaria: ;0;1775
2021;1;23111;;1;Asistencia social primaria: ;0;19197.39
2022;1;23111;;1;Asistencia social primaria: ;0;68338.75
2023;1;23111;;1;Asistencia social primaria: ;2900;51404.26
2024;1;23111;;1;Asistencia social primaria: ;2900;2761.05
2010;1;23112;;1;¿?;0;0
2011;1;23112;;1;¿?;0;0
2012;1;23112;;1;¿?;0;0
2013;1;23112;;1;¿?;0;0
2014;1;23112;;1;¿?;0;0
2015;1;23112;;1;¿?;0;0
2016;1;23112;;1;¿?;0;0
2017;1;23112;;1;¿?;0;0
2018;1;23112;;1;¿?;0;0
2019;1;23112;;1;¿?;0;0
2020;1;23112;;1;¿?;0;0
2021;1;23112;;1;¿?;0;4160.06
2022;1;23112;;1;¿?;0;14204.11
2023;1;23112;;1;¿?;0;7290.59
2024;1;23112;;1;¿?;0;0
2010;1;23113;;1;¿?;0;0
2011;1;23113;;1;¿?;0;0
2012;1;23113;;1;¿?;0;0
2013;1;23113;;1;¿?;0;0
2014;1;23113;;1;¿?;0;0
2015;1;23113;;1;¿?;0;0
2016;1;23113;;1;¿?;0;0
2017;1;23113;;1;¿?;0;0
2018;1;23113;;1;¿?;0;0
2019;1;23113;;1;¿?;0;0
2020;1;23113;;1;¿?;0;0
2021;1;23113;;1;¿?;0;0
2022;1;23113;;1;¿?;0;2880
2023;1;23113;;1;¿?;0;4200
2024;1;23113;;1;¿?;0;0
2010;1;23114;;1;¿?;0;0
2011;1;23114;;1;¿?;0;0
2012;1;23114;;1;¿?;0;0
2013;1;23114;;1;¿?;0;0
2014;1;23114;;1;¿?;0;0
2015;1;23114;;1;¿?;0;0
2016;1;23114;;1;¿?;0;0
2017;1;23114;;1;¿?;0;0
2018;1;23114;;1;¿?;0;0
2019;1;23114;;1;¿?;0;0
2020;1;23114;;1;¿?;0;0
2021;1;23114;;1;¿?;0;0
2022;1;23114;;1;¿?;0;0
2023;1;23114;;1;¿?;600;3592.2
2024;1;23114;;1;¿?;600;0
2010;1;23115;;1;¿?;0;0
2011;1;23115;;1;¿?;0;0
2012;1;23115;;1;¿?;0;0
2013;1;23115;;1;¿?;0;0
2014;1;23115;;1;¿?;0;0
2015;1;23115;;1;¿?;0;0
2016;1;23115;;1;¿?;0;0
2017;1;23115;;1;¿?;0;0
2018;1;23115;;1;¿?;0;0
2019;1;23115;;1;¿?;0;0
2020;1;23115;;1;¿?;0;0
2021;1;23115;;1;¿?;0;0
2022;1;23115;;1;¿?;0;0
2023;1;23115;;1;¿?;0;14662.74
2024;1;23115;;1;¿?;0;47448.51
2010;1;23113;;1;¿?;0;0
2011;1;23113;;1;¿?;0;0
2012;1;23113;;1;¿?;0;0
2013;1;23113;;1;¿?;0;0
2014;1;23113;;1;¿?;0;0
2015;1;23113;;1;¿?;0;0
2016;1;23113;;1;¿?;0;0
2017;1;23113;;1;¿?;0;0
2018;1;23113;;1;¿?;0;0
2019;1;23113;;1;¿?;0;0
2020;1;23113;;1;¿?;0;0
2021;1;23113;;1;¿?;0;0
2022;1;23113;;1;¿?;0;0
2023;1;23113;;1;¿?;0;5003.75
2024;1;23113;;1;¿?;0;11667.87
2010;1;23120;;;Asistencia social primaria: CENTRO OCUPACIONAL.;0;0
2011;1;23120;;;Asistencia social primaria: CENTRO OCUPACIONAL.;0;0
2012;1;23120;;;Asistencia social primaria: CENTRO OCUPACIONAL.;0;0
2013;1;23120;;;Asistencia social primaria: CENTRO OCUPACIONAL.;0;0
2014;1;23120;;;Asistencia social primaria: CENTRO OCUPACIONAL.;0;0
2015;1;23120;;;Asistencia social primaria: CENTRO OCUPACIONAL.;393101.47;352610.55
2016;1;23120;;;Asistencia social primaria: CENTRO OCUPACIONAL.;357275.97;345478.14
2017;1;23120;;;Asistencia social primaria: CENTRO OCUPACIONAL.;371703.27;354007.7
2018;1;23120;;;Asistencia social primaria: CENTRO OCUPACIONAL.;372271.9;379479.17
2019;1;23120;;;Asistencia social primaria: CENTRO OCUPACIONAL.;401948.77;339086.21
2020;1;23120;;;Asistencia social primaria: CENTRO OCUPACIONAL.;398890.55;361768.79
2021;1;23120;;;Asistencia social primaria: CENTRO OCUPACIONAL.;434263.3;324865.37
2022;1;23120;;;Asistencia social primaria: CENTRO OCUPACIONAL.;425863.22;348990.22
2023;1;23120;;;Asistencia social primaria: CENTRO OCUPACIONAL.;407454.61;401190.18
2024;1;23120;;;Asistencia social primaria: CENTRO OCUPACIONAL.;410630.47;429857.32
2010;1;23121;;;Asistencia social primaria: C;0;0
2011;1;23121;;;Asistencia social primaria: C;0;0
2012;1;23121;;;Asistencia social primaria: C;0;0
2013;1;23121;;;Asistencia social primaria: C;0;0
2014;1;23121;;;Asistencia social primaria: C;0;0
2015;1;23121;;;Asistencia social primaria: C;0;0
2016;1;23121;;;Asistencia social primaria: C;0;0
2017;1;23121;;;Asistencia social primaria: C;0;0
2018;1;23121;;;Asistencia social primaria: C;0;0
2019;1;23121;;;Asistencia social primaria: C;0;0
2020;1;23121;;;Asistencia social primaria: C;0;7669.45
2021;1;23121;;;Asistencia social primaria: C;0;0
2022;1;23121;;;Asistencia social primaria: C;0;0
2023;1;23121;;;Asistencia social primaria: C;0;0
2024;1;23121;;;Asistencia social primaria: C;0;0
2010;1;23130;;;Asistencia social primaria: CENTRO DE DIA Y AULA MAYO. DE 50 AÑ;0;0
2011;1;23130;;;Asistencia social primaria: CENTRO DE DIA Y AULA MAYO. DE 50 AÑ;0;0
2012;1;23130;;;Asistencia social primaria: CENTRO DE DIA Y AULA MAYO. DE 50 AÑ;0;0
2013;1;23130;;;Asistencia social primaria: CENTRO DE DIA Y AULA MAYO. DE 50 AÑ;0;0
2014;1;23130;;;Asistencia social primaria: CENTRO DE DIA Y AULA MAYO. DE 50 AÑ;0;0
2015;1;23130;;;Asistencia social primaria: CENTRO DE DIA Y AULA MAYO. DE 50 AÑ;219389.8;227616.45
2016;1;23130;;;Asistencia social primaria: CENTRO DE DIA Y AULA MAYO. DE 50 AÑ;237501.32;236256.26
2017;1;23130;;;Asistencia social primaria: CENTRO DE DIA Y AULA MAYO. DE 50 AÑ;238300.2;229991.5
2018;1;23130;;;Asistencia social primaria: CENTRO DE DIA Y AULA MAYO. DE 50 AÑ;245196.82;242064.84
2019;1;23130;;;Asistencia social primaria: CENTRO DE DIA Y AULA MAYO. DE 50 AÑ;240725.61;209036.02
2020;1;23130;;;Asistencia social primaria: CENTRO DE DIA Y AULA MAYO. DE 50 AÑ;247708.61;207912.27
2021;1;23130;;;Asistencia social primaria: CENTRO DE DIA Y AULA MAYO. DE 50 AÑ;247583.58;199206.76
2022;1;23130;;;Asistencia social primaria: CENTRO DE DIA Y AULA MAYO. DE 50 AÑ;274816.75;224911.35
2023;1;23130;;;Asistencia social primaria: CENTRO DE DIA Y AULA MAYO. DE 50 AÑ;280057.02;269801.57
2024;1;23130;;;Asistencia social primaria: CENTRO DE DIA Y AULA MAYO. DE 50 AÑ;287821.79;296180.11
2010;1;23140;;;Asistencia social primaria: VIVIENDA TUTELADA.;0;0
2011;1;23140;;;Asistencia social primaria: VIVIENDA TUTELADA.;0;0
2012;1;23140;;;Asistencia social primaria: VIVIENDA TUTELADA.;0;0
2013;1;23140;;;Asistencia social primaria: VIVIENDA TUTELADA.;0;0
2014;1;23140;;;Asistencia social primaria: VIVIENDA TUTELADA.;0;0
2015;1;23140;;;Asistencia social primaria: VIVIENDA TUTELADA.;96201.63;99027.91
2016;1;23140;;;Asistencia social primaria: VIVIENDA TUTELADA.;105689.47;101155.9
2017;1;23140;;;Asistencia social primaria: VIVIENDA TUTELADA.;104262.84;101449.28
2018;1;23140;;;Asistencia social primaria: VIVIENDA TUTELADA.;103662.84;113742.83
2019;1;23140;;;Asistencia social primaria: VIVIENDA TUTELADA.;121571.24;114964.89
2020;1;23140;;;Asistencia social primaria: VIVIENDA TUTELADA.;123975.15;133518.65
2021;1;23140;;;Asistencia social primaria: VIVIENDA TUTELADA.;124724.39;133217.24
2022;1;23140;;;Asistencia social primaria: VIVIENDA TUTELADA.;138064.1;134756.38
2023;1;23140;;;Asistencia social primaria: VIVIENDA TUTELADA.;140455.55;144112.24
2024;1;23140;;;Asistencia social primaria: VIVIENDA TUTELADA.;136098.48;141635.88
2010;1;23141;;;Asistencia social primaria: V.;0;0
2011;1;23141;;;Asistencia social primaria: V.;0;0
2012;1;23141;;;Asistencia social primaria: V.;0;0
2013;1;23141;;;Asistencia social primaria: V.;0;0
2014;1;23141;;;Asistencia social primaria: V.;0;0
2015;1;23141;;;Asistencia social primaria: V.;0;0
2016;1;23141;;;Asistencia social primaria: V.;0;0
2017;1;23141;;;Asistencia social primaria: V.;0;0
2018;1;23141;;;Asistencia social primaria: V.;0;0
2019;1;23141;;;Asistencia social primaria: V.;0;0
2020;1;23141;;;Asistencia social primaria: V.;0;5559.04
2021;1;23141;;;Asistencia social primaria: V.;0;916.6
2022;1;23141;;;Asistencia social primaria: V.;0;0
2023;1;23141;;;Asistencia social primaria: V.;0;0
2024;1;23141;;;Asistencia social primaria: V.;0;0
2010;1;23150;;;Asistencia social primaria: SERVICIO AYUDA A DOMICILIO.;0;0
2011;1;23150;;;Asistencia social primaria: SERVICIO AYUDA A DOMICILIO.;0;0
2012;1;23150;;;Asistencia social primaria: SERVICIO AYUDA A DOMICILIO.;0;0
2013;1;23150;;;Asistencia social primaria: SERVICIO AYUDA A DOMICILIO.;0;0
2014;1;23150;;;Asistencia social primaria: SERVICIO AYUDA A DOMICILIO.;0;0
2015;1;23150;;;Asistencia social primaria: SERVICIO AYUDA A DOMICILIO.;274297.5;208329.9
2016;1;23150;;;Asistencia social primaria: SERVICIO AYUDA A DOMICILIO.;254297.5;266599.8
2017;1;23150;;;Asistencia social primaria: SERVICIO AYUDA A DOMICILIO.;264715.2;346625.21
2018;1;23150;;;Asistencia social primaria: SERVICIO AYUDA A DOMICILIO.;264715.2;327384.5
2019;1;23150;;;Asistencia social primaria: SERVICIO AYUDA A DOMICILIO.;363697.05;348893.6
2020;1;23150;;;Asistencia social primaria: SERVICIO AYUDA A DOMICILIO.;395657.66;417915.45
2021;1;23150;;;Asistencia social primaria: SERVICIO AYUDA A DOMICILIO.;396447.02;417582.01
2022;1;23150;;;Asistencia social primaria: SERVICIO AYUDA A DOMICILIO.;454850.21;491729.79
2023;1;23150;;;Asistencia social primaria: SERVICIO AYUDA A DOMICILIO.;460068;535302.99
2024;1;23150;;;Asistencia social primaria: SERVICIO AYUDA A DOMICILIO.;553608;551638.62
2010;;23151;;;Asistencia social primaria: SE ;0;0
2011;;23151;;;Asistencia social primaria: SE ;0;0
2012;;23151;;;Asistencia social primaria: SE ;0;0
2013;;23151;;;Asistencia social primaria: SE ;0;0
2014;;23151;;;Asistencia social primaria: SE ;0;0
2015;;23151;;;Asistencia social primaria: SE ;0;0
2016;;23151;;;Asistencia social primaria: SE ;0;0
2017;;23151;;;Asistencia social primaria: SE ;0;0
2018;;23151;;;Asistencia social primaria: SE ;0;0
2019;;23151;;;Asistencia social primaria: SE ;0;0
2020;;23151;;;Asistencia social primaria: SE ;0;4068.21
2021;;23151;;;Asistencia social primaria: SE ;0;0
2022;;23151;;;Asistencia social primaria: SE ;0;0
2023;;23151;;;Asistencia social primaria: SE ;0;0
2024;;23151;;;Asistencia social primaria: SE ;0;0
2010;1;23160;;;Asistencia social primaria: CENTRO SOCIAL.;0;0
2011;1;23160;;;Asistencia social primaria: CENTRO SOCIAL.;0;0
2012;1;23160;;;Asistencia social primaria: CENTRO SOCIAL.;0;0
2013;1;23160;;;Asistencia social primaria: CENTRO SOCIAL.;0;0
2014;1;23160;;;Asistencia social primaria: CENTRO SOCIAL.;0;0
2015;1;23160;;;Asistencia social primaria: CENTRO SOCIAL.;303139.26;285467.72
2016;1;23160;;;Asistencia social primaria: CENTRO SOCIAL.;310683.97;287429.98
2017;1;23160;;;Asistencia social primaria: CENTRO SOCIAL.;301846.84;286360.83
2018;1;23160;;;Asistencia social primaria: CENTRO SOCIAL.;314614.8;289148.82
2019;1;23160;;;Asistencia social primaria: CENTRO SOCIAL.;318012.62;271410.44
2020;1;23160;;;Asistencia social primaria: CENTRO SOCIAL.;335502.65;356344.19
2021;1;23160;;;Asistencia social primaria: CENTRO SOCIAL.;340752.08;284338.37
2022;1;23160;;;Asistencia social primaria: CENTRO SOCIAL.;325481.21;342217.75
2023;1;23160;;;Asistencia social primaria: CENTRO SOCIAL.;350294.53;353714.57
2024;1;23160;;;Asistencia social primaria: CENTRO SOCIAL.;380313.16;359978.09
2010;1;23161;;;Asistencia social primaria..-CENTRO SOCIA;0;0
2011;1;23161;;;Asistencia social primaria..-CENTRO SOCIA;0;0
2012;1;23161;;;Asistencia social primaria..-CENTRO SOCIA;0;0
2013;1;23161;;;Asistencia social primaria..-CENTRO SOCIA;0;0
2014;1;23161;;;Asistencia social primaria..-CENTRO SOCIA;0;0
2015;1;23161;;;Asistencia social primaria..-CENTRO SOCIA;0;0
2016;1;23161;;;Asistencia social primaria..-CENTRO SOCIA;0;0
2017;1;23161;;;Asistencia social primaria..-CENTRO SOCIA;0;5338.89
2018;1;23161;;;Asistencia social primaria..-CENTRO SOCIA;14011.06;17772.6
2019;1;23161;;;Asistencia social primaria..-CENTRO SOCIA;25170.34;23895.03
2020;1;23161;;;Asistencia social primaria..-CENTRO SOCIA;26850.72;25914.64
2021;1;23161;;;Asistencia social primaria..-CENTRO SOCIA;26933.92;63155.79
2022;1;23161;;;Asistencia social primaria..-CENTRO SOCIA;28439.37;27282.18
2023;1;23161;;;Asistencia social primaria..-CENTRO SOCIA;58970.85;52933.09
2024;1;23161;;;Asistencia social primaria..-CENTRO SOCIA;61142.17;41450.89
2010;1;23162;;;¿?;0;0
2011;1;23162;;;¿?;0;0
2012;1;23162;;;¿?;0;0
2013;1;23162;;;¿?;0;0
2014;1;23162;;;¿?;0;0
2015;1;23162;;;¿?;0;0
2016;1;23162;;;¿?;0;0
2017;1;23162;;;¿?;0;0
2018;1;23162;;;¿?;0;0
2019;1;23162;;;¿?;0;0
2020;1;23162;;;¿?;0;0
2021;1;23162;;;¿?;0;0
2022;1;23162;;;¿?;0;5760
2023;1;23162;;;¿?;0;5898
2024;1;23162;;;¿?;0;5568
2010;1;23163;;;¿?;0;0
2011;1;23163;;;¿?;0;0
2012;1;23163;;;¿?;0;0
2013;1;23163;;;¿?;0;0
2014;1;23163;;;¿?;0;0
2015;1;23163;;;¿?;0;0
2016;1;23163;;;¿?;0;0
2017;1;23163;;;¿?;0;0
2018;1;23163;;;¿?;0;0
2019;1;23163;;;¿?;0;0
2020;1;23163;;;¿?;0;0
2021;1;23163;;;¿?;0;0
2022;1;23163;;;¿?;0;5760
2023;1;23163;;;¿?;0;5898
2024;1;23163;;;¿?;0;8090.3
2010;1;23210;;;Promoción social: Centro Mujer;138925.54;149724.33
2011;1;23210;;;Promoción social: Centro Mujer;145104.29;162682.43
2012;1;23210;;;Promoción social: Centro Mujer;124044.63;116141.15
2013;1;23210;;;Promoción social: Centro Mujer;122849.84;121897.54
2014;1;23210;;;Promoción social: Centro Mujer;122299.84;118961.11
2015;1;23210;;;Promoción social: Centro Mujer;0;0
2016;1;23210;;;Promoción social: Centro Mujer;0;0
2017;1;23210;;;Promoción social: Centro Mujer;0;0
2018;1;23210;;;Promoción social: Centro Mujer;0;0
2019;1;23210;;;Promoción social: Centro Mujer;0;0
2020;1;23210;;;Promoción social: Centro Mujer;0;0
2021;1;23210;;;Promoción social: Centro Mujer;0;0
2022;1;23210;;;Promoción social: Centro Mujer;0;0
2023;1;23210;;;Promoción social: Centro Mujer;0;0
2024;1;23210;;;Promoción social: Centro Mujer;0;0
2010;1;23211;;;Promoción social: Proyecto atención a familia y a infancia;0;0
2011;1;23211;;;Promoción social: Proyecto atención a familia y a infancia;0;0
2012;1;23211;;;Promoción social: Proyecto atención a familia y a infancia;0;0
2013;1;23211;;;Promoción social: Proyecto atención a familia y a infancia;0;1757.83
2014;1;23211;;;Promoción social: Proyecto atención a familia y a infancia;0;0
2015;1;23211;;;Promoción social: Proyecto atención a familia y a infancia;0;0
2016;1;23211;;;Promoción social: Proyecto atención a familia y a infancia;0;0
2017;1;23211;;;Promoción social: Proyecto atención a familia y a infancia;0;0
2018;1;23211;;;Promoción social: Proyecto atención a familia y a infancia;0;0
2019;1;23211;;;Promoción social: Proyecto atención a familia y a infancia;0;0
2020;1;23211;;;Promoción social: Proyecto atención a familia y a infancia;0;0
2021;1;23211;;;Promoción social: Proyecto atención a familia y a infancia;0;0
2022;1;23211;;;Promoción social: Proyecto atención a familia y a infancia;0;0
2023;1;23211;;;Promoción social: Proyecto atención a familia y a infancia;0;0
2024;1;23211;;;Promoción social: Proyecto atención a familia y a infancia;0;0
2010;1;23220;;;Promoción social: Ayuda integración inmigrantes (Dip.);908.3;6339.35
2011;1;23220;;;Promoción social: Ayuda integración inmigrantes (Dip.);908.3;5076.97
2012;1;23220;;;Promoción social: Ayuda integración inmigrantes (Dip.);908.3;5948.39
2013;1;23220;;;Promoción social: Ayuda integración inmigrantes (Dip.);0;0
2014;1;23220;;;Promoción social: Ayuda integración inmigrantes (Dip.);0;0
2015;1;23220;;;Promoción social: Ayuda integración inmigrantes (Dip.);0;0
2016;1;23220;;;Promoción social: Ayuda integración inmigrantes (Dip.);0;0
2017;1;23220;;;Promoción social: Ayuda integración inmigrantes (Dip.);0;0
2018;1;23220;;;Promoción social: Ayuda integración inmigrantes (Dip.);0;0
2019;1;23220;;;Promoción social: Ayuda integración inmigrantes (Dip.);0;0
2020;1;23220;;;Promoción social: Ayuda integración inmigrantes (Dip.);0;0
2021;1;23220;;;Promoción social: Ayuda integración inmigrantes (Dip.);0;0
2022;1;23220;;;Promoción social: Ayuda integración inmigrantes (Dip.);0;0
2023;1;23220;;;Promoción social: Ayuda integración inmigrantes (Dip.);0;0
2024;1;23220;;;Promoción social: Ayuda integración inmigrantes (Dip.);0;0
2010;1;23221;;;Promoción social-APOYO PSICOSOCIAL A LA UNIDAD CONVIVENCIAL;0;0
2011;1;23221;;;Promoción social-APOYO PSICOSOCIAL A LA UNIDAD CONVIVENCIAL;0;0
2012;1;23221;;;Promoción social-APOYO PSICOSOCIAL A LA UNIDAD CONVIVENCIAL;0;0
2013;1;23221;;;Promoción social-APOYO PSICOSOCIAL A LA UNIDAD CONVIVENCIAL;0;6922.31
2014;1;23221;;;Promoción social-APOYO PSICOSOCIAL A LA UNIDAD CONVIVENCIAL;0;2243.3
2015;1;23221;;;Promoción social-APOYO PSICOSOCIAL A LA UNIDAD CONVIVENCIAL;0;0
2016;1;23221;;;Promoción social-APOYO PSICOSOCIAL A LA UNIDAD CONVIVENCIAL;0;0
2017;1;23221;;;Promoción social-APOYO PSICOSOCIAL A LA UNIDAD CONVIVENCIAL;0;0
2018;1;23221;;;Promoción social-APOYO PSICOSOCIAL A LA UNIDAD CONVIVENCIAL;0;0
2019;1;23221;;;Promoción social-APOYO PSICOSOCIAL A LA UNIDAD CONVIVENCIAL;0;0
2020;1;23221;;;Promoción social-APOYO PSICOSOCIAL A LA UNIDAD CONVIVENCIAL;0;0
2021;1;23221;;;Promoción social-APOYO PSICOSOCIAL A LA UNIDAD CONVIVENCIAL;0;0
2022;1;23221;;;Promoción social-APOYO PSICOSOCIAL A LA UNIDAD CONVIVENCIAL;0;0
2023;1;23221;;;Promoción social-APOYO PSICOSOCIAL A LA UNIDAD CONVIVENCIAL;0;0
2024;1;23221;;;Promoción social-APOYO PSICOSOCIAL A LA UNIDAD CONVIVENCIAL;0;0
2010;1;23222;;;Promoción social: Apoyo psicosocial a la uni conviven 2013-20;0;0
2011;1;23222;;;Promoción social: Apoyo psicosocial a la uni conviven 2013-20;0;0
2012;1;23222;;;Promoción social: Apoyo psicosocial a la uni conviven 2013-20;0;0
2013;1;23222;;;Promoción social: Apoyo psicosocial a la uni conviven 2013-20;0;1265.74
2014;1;23222;;;Promoción social: Apoyo psicosocial a la uni conviven 2013-20;0;4941.93
2015;1;23222;;;Promoción social: Apoyo psicosocial a la uni conviven 2013-20;0;0
2016;1;23222;;;Promoción social: Apoyo psicosocial a la uni conviven 2013-20;0;0
2017;1;23222;;;Promoción social: Apoyo psicosocial a la uni conviven 2013-20;0;0
2018;1;23222;;;Promoción social: Apoyo psicosocial a la uni conviven 2013-20;0;0
2019;1;23222;;;Promoción social: Apoyo psicosocial a la uni conviven 2013-20;0;0
2020;1;23222;;;Promoción social: Apoyo psicosocial a la uni conviven 2013-20;0;0
2021;1;23222;;;Promoción social: Apoyo psicosocial a la uni conviven 2013-20;0;0
2022;1;23222;;;Promoción social: Apoyo psicosocial a la uni conviven 2013-20;0;0
2023;1;23222;;;Promoción social: Apoyo psicosocial a la uni conviven 2013-20;0;0
2024;1;23222;;;Promoción social: Apoyo psicosocial a la uni conviven 2013-20;0;0
2010;1;23230;;;Promoción social: Proy. prevención conflicto social;0;0
2011;1;23230;;;Promoción social: Proy. prevención conflicto social;449.95;3597.72
2012;1;23230;;;Promoción social: Proy. prevención conflicto social;0;0
2013;1;23230;;;Promoción social: Proy. prevención conflicto social;0;0
2014;1;23230;;;Promoción social: Proy. prevención conflicto social;0;0
2015;1;23230;;;Promoción social: Proy. prevención conflicto social;0;0
2016;1;23230;;;Promoción social: Proy. prevención conflicto social;0;0
2017;1;23230;;;Promoción social: Proy. prevención conflicto social;0;0
2018;1;23230;;;Promoción social: Proy. prevención conflicto social;0;0
2019;1;23230;;;Promoción social: Proy. prevención conflicto social;0;0
2020;1;23230;;;Promoción social: Proy. prevención conflicto social;0;0
2021;1;23230;;;Promoción social: Proy. prevención conflicto social;0;0
2022;1;23230;;;Promoción social: Proy. prevención conflicto social;0;0
2023;1;23230;;;Promoción social: Proy. prevención conflicto social;0;0
2024;1;23230;;;Promoción social: Proy. prevención conflicto social;0;0
2010;1;23231;;;Promoción social-Prevención Conflicto Social-Talleres;450;2089.13
2011;1;23231;;;Promoción social-Prevención Conflicto Social-Talleres;0;0
2012;1;23231;;;Promoción social-Prevención Conflicto Social-Talleres;0;898.02
2013;1;23231;;;Promoción social-Prevención Conflicto Social-Talleres;0;0
2014;1;23231;;;Promoción social-Prevención Conflicto Social-Talleres;0;0
2015;1;23231;;;Promoción social-Prevención Conflicto Social-Talleres;0;0
2016;1;23231;;;Promoción social-Prevención Conflicto Social-Talleres;0;0
2017;1;23231;;;Promoción social-Prevención Conflicto Social-Talleres;0;0
2018;1;23231;;;Promoción social-Prevención Conflicto Social-Talleres;0;0
2019;1;23231;;;Promoción social-Prevención Conflicto Social-Talleres;0;0
2020;1;23231;;;Promoción social-Prevención Conflicto Social-Talleres;0;0
2021;1;23231;;;Promoción social-Prevención Conflicto Social-Talleres;0;0
2022;1;23231;;;Promoción social-Prevención Conflicto Social-Talleres;0;0
2023;1;23231;;;Promoción social-Prevención Conflicto Social-Talleres;0;0
2024;1;23231;;;Promoción social-Prevención Conflicto Social-Talleres;0;0
2010;1;23240;;;Promoción social: Scio. atención mediación intercultural SAMI;0;0
2011;1;23240;;;Promoción social: Scio. atención mediación intercultural SAMI;1390;13897
2012;1;23240;;;Promoción social: Scio. atención mediación intercultural SAMI;0;0
2013;1;23240;;;Promoción social: Scio. atención mediación intercultural SAMI;0;0
2014;1;23240;;;Promoción social: Scio. atención mediación intercultural SAMI;0;0
2015;1;23240;;;Promoción social: Scio. atención mediación intercultural SAMI;0;0
2016;1;23240;;;Promoción social: Scio. atención mediación intercultural SAMI;0;0
2017;1;23240;;;Promoción social: Scio. atención mediación intercultural SAMI;0;0
2018;1;23240;;;Promoción social: Scio. atención mediación intercultural SAMI;0;0
2019;1;23240;;;Promoción social: Scio. atención mediación intercultural SAMI;0;0
2020;1;23240;;;Promoción social: Scio. atención mediación intercultural SAMI;0;0
2021;1;23240;;;Promoción social: Scio. atención mediación intercultural SAMI;0;0
2022;1;23240;;;Promoción social: Scio. atención mediación intercultural SAMI;0;0
2023;1;23240;;;Promoción social: Scio. atención mediación intercultural SAMI;0;0
2024;1;23240;;;Promoción social: Scio. atención mediación intercultural SAMI;0;0
2010;1;23250;;;Promoción social: Insertor laboral;0;0
2011;1;23250;;;Promoción social: Insertor laboral;1994;19850.78
2012;1;23250;;;Promoción social: Insertor laboral;0;0
2013;1;23250;;;Promoción social: Insertor laboral;0;0
2014;1;23250;;;Promoción social: Insertor laboral;0;0
2015;1;23250;;;Promoción social: Insertor laboral;0;0
2016;1;23250;;;Promoción social: Insertor laboral;0;0
2017;1;23250;;;Promoción social: Insertor laboral;0;0
2018;1;23250;;;Promoción social: Insertor laboral;0;0
2019;1;23250;;;Promoción social: Insertor laboral;0;0
2020;1;23250;;;Promoción social: Insertor laboral;0;0
2021;1;23250;;;Promoción social: Insertor laboral;0;0
2022;1;23250;;;Promoción social: Insertor laboral;0;0
2023;1;23250;;;Promoción social: Insertor laboral;0;0
2024;1;23250;;;Promoción social: Insertor laboral;0;0
2010;1;23251;;;Promoción social-Proy.Integración social. Personas sit.vulnerabil;0;0
2011;1;23251;;;Promoción social-Proy.Integración social. Personas sit.vulnerabil;0;0
2012;1;23251;;;Promoción social-Proy.Integración social. Personas sit.vulnerabil;0;10085.85
2013;1;23251;;;Promoción social-Proy.Integración social. Personas sit.vulnerabil;0;4312.84
2014;1;23251;;;Promoción social-Proy.Integración social. Personas sit.vulnerabil;0;2878.75
2015;1;23251;;;Promoción social-Proy.Integración social. Personas sit.vulnerabil;0;0
2016;1;23251;;;Promoción social-Proy.Integración social. Personas sit.vulnerabil;0;0
2017;1;23251;;;Promoción social-Proy.Integración social. Personas sit.vulnerabil;0;0
2018;1;23251;;;Promoción social-Proy.Integración social. Personas sit.vulnerabil;0;0
2019;1;23251;;;Promoción social-Proy.Integración social. Personas sit.vulnerabil;0;0
2020;1;23251;;;Promoción social-Proy.Integración social. Personas sit.vulnerabil;0;0
2021;1;23251;;;Promoción social-Proy.Integración social. Personas sit.vulnerabil;0;0
2022;1;23251;;;Promoción social-Proy.Integración social. Personas sit.vulnerabil;0;0
2023;1;23251;;;Promoción social-Proy.Integración social. Personas sit.vulnerabil;0;0
2024;1;23251;;;Promoción social-Proy.Integración social. Personas sit.vulnerabil;0;0
2010;1;23252;;1;TECNICO SAMI: Scio. Atencion y mediacion int;1390;10947.88
2011;1;23252;;1;TECNICO SAMI: Scio. Atencion y mediacion int;0;0
2012;1;23252;;1;TECNICO SAMI: Scio. Atencion y mediacion int;0;0
2013;1;23252;;1;TECNICO SAMI: Scio. Atencion y mediacion int;0;0
2014;1;23252;;1;TECNICO SAMI: Scio. Atencion y mediacion int;0;0
2015;1;23252;;1;TECNICO SAMI: Scio. Atencion y mediacion int;0;0
2016;1;23252;;1;TECNICO SAMI: Scio. Atencion y mediacion int;0;0
2017;1;23252;;1;TECNICO SAMI: Scio. Atencion y mediacion int;0;0
2018;1;23252;;1;TECNICO SAMI: Scio. Atencion y mediacion int;0;0
2019;1;23252;;1;TECNICO SAMI: Scio. Atencion y mediacion int;0;0
2020;1;23252;;1;TECNICO SAMI: Scio. Atencion y mediacion int;0;0
2021;1;23252;;1;TECNICO SAMI: Scio. Atencion y mediacion int;0;0
2022;1;23252;;1;TECNICO SAMI: Scio. Atencion y mediacion int;0;0
2023;1;23252;;1;TECNICO SAMI: Scio. Atencion y mediacion int;0;0
2024;1;23252;;1;TECNICO SAMI: Scio. Atencion y mediacion int;0;0
2010;1;23253;;1;INSERTOR LABORAL: atencion personalizada per;1994;18219.26
2011;1;23253;;1;INSERTOR LABORAL: atencion personalizada per;0;0
2012;1;23253;;1;INSERTOR LABORAL: atencion personalizada per;0;0
2013;1;23253;;1;INSERTOR LABORAL: atencion personalizada per;0;0
2014;1;23253;;1;INSERTOR LABORAL: atencion personalizada per;0;0
2015;1;23253;;1;INSERTOR LABORAL: atencion personalizada per;0;0
2016;1;23253;;1;INSERTOR LABORAL: atencion personalizada per;0;0
2017;1;23253;;1;INSERTOR LABORAL: atencion personalizada per;0;0
2018;1;23253;;1;INSERTOR LABORAL: atencion personalizada per;0;0
2019;1;23253;;1;INSERTOR LABORAL: atencion personalizada per;0;0
2020;1;23253;;1;INSERTOR LABORAL: atencion personalizada per;0;0
2021;1;23253;;1;INSERTOR LABORAL: atencion personalizada per;0;0
2022;1;23253;;1;INSERTOR LABORAL: atencion personalizada per;0;0
2023;1;23253;;1;INSERTOR LABORAL: atencion personalizada per;0;0
2024;1;23253;;1;INSERTOR LABORAL: atencion personalizada per;0;0
2010;1;23310;;;Personas dependientes: Centro Ocupacional;397356.64;354433.35
2011;1;23310;;;Personas dependientes: Centro Ocupacional;430912.69;472441.91
2012;1;23310;;;Personas dependientes: Centro Ocupacional;403319.61;353440.17
2013;1;23310;;;Personas dependientes: Centro Ocupacional;401208.61;375692.43
2014;1;23310;;;Personas dependientes: Centro Ocupacional;400861.56;368510.18
2015;1;23310;;;Personas dependientes: Centro Ocupacional;0;0
2016;1;23310;;;Personas dependientes: Centro Ocupacional;0;0
2017;1;23310;;;Personas dependientes: Centro Ocupacional;0;0
2018;1;23310;;;Personas dependientes: Centro Ocupacional;0;0
2019;1;23310;;;Personas dependientes: Centro Ocupacional;0;0
2020;1;23310;;;Personas dependientes: Centro Ocupacional;0;0
2021;1;23310;;;Personas dependientes: Centro Ocupacional;0;0
2022;1;23310;;;Personas dependientes: Centro Ocupacional;0;0
2023;1;23310;;;Personas dependientes: Centro Ocupacional;0;0
2024;1;23310;;;Personas dependientes: Centro Ocupacional;0;0
2010;1;23320;;;Personas dependientes: Centro Día;147045.49;123325.61
2011;1;23320;;;Personas dependientes: Centro Día;142344.17;130962.53
2012;1;23320;;;Personas dependientes: Centro Día;141133.12;105554.47
2013;1;23320;;;Personas dependientes: Centro Día;147636.34;118584.4
2014;1;23320;;;Personas dependientes: Centro Día;165876.36;154347.46
2015;1;23320;;;Personas dependientes: Centro Día;0;0
2016;1;23320;;;Personas dependientes: Centro Día;0;0
2017;1;23320;;;Personas dependientes: Centro Día;0;0
2018;1;23320;;;Personas dependientes: Centro Día;0;0
2019;1;23320;;;Personas dependientes: Centro Día;0;0
2020;1;23320;;;Personas dependientes: Centro Día;0;0
2021;1;23320;;;Personas dependientes: Centro Día;0;0
2022;1;23320;;;Personas dependientes: Centro Día;0;0
2023;1;23320;;;Personas dependientes: Centro Día;0;0
2024;1;23320;;;Personas dependientes: Centro Día;0;0
2010;1;23330;;;Personas dependientes: Vivienda tutelada;99224.27;89587.94
2011;1;23330;;;Personas dependientes: Vivienda tutelada;81506.14;107467.25
2012;1;23330;;;Personas dependientes: Vivienda tutelada;98635.02;88177.42
2013;1;23330;;;Personas dependientes: Vivienda tutelada;96263.99;97893.3
2014;1;23330;;;Personas dependientes: Vivienda tutelada;105092.93;94318.43
2015;1;23330;;;Personas dependientes: Vivienda tutelada;0;0
2016;1;23330;;;Personas dependientes: Vivienda tutelada;0;0
2017;1;23330;;;Personas dependientes: Vivienda tutelada;0;0
2018;1;23330;;;Personas dependientes: Vivienda tutelada;0;0
2019;1;23330;;;Personas dependientes: Vivienda tutelada;0;0
2020;1;23330;;;Personas dependientes: Vivienda tutelada;0;0
2021;1;23330;;;Personas dependientes: Vivienda tutelada;0;0
2022;1;23330;;;Personas dependientes: Vivienda tutelada;0;0
2023;1;23330;;;Personas dependientes: Vivienda tutelada;0;0
2024;1;23330;;;Personas dependientes: Vivienda tutelada;0;0
2010;1;23340;;;Personas dependientes: Scio. Ayuda Domicilio;54325;244935.37
2011;1;23340;;;Personas dependientes: Scio. Ayuda Domicilio;54325;365351.75
2012;1;23340;;;Personas dependientes: Scio. Ayuda Domicilio;274297.5;262087.59
2013;1;23340;;;Personas dependientes: Scio. Ayuda Domicilio;274297.5;236916.06
2014;1;23340;;;Personas dependientes: Scio. Ayuda Domicilio;274297.5;187244.69
2015;1;23340;;;Personas dependientes: Scio. Ayuda Domicilio;0;0
2016;1;23340;;;Personas dependientes: Scio. Ayuda Domicilio;0;0
2017;1;23340;;;Personas dependientes: Scio. Ayuda Domicilio;0;0
2018;1;23340;;;Personas dependientes: Scio. Ayuda Domicilio;0;0
2019;1;23340;;;Personas dependientes: Scio. Ayuda Domicilio;0;0
2020;1;23340;;;Personas dependientes: Scio. Ayuda Domicilio;0;0
2021;1;23340;;;Personas dependientes: Scio. Ayuda Domicilio;0;0
2022;1;23340;;;Personas dependientes: Scio. Ayuda Domicilio;0;0
2023;1;23340;;;Personas dependientes: Scio. Ayuda Domicilio;0;0
2024;1;23340;;;Personas dependientes: Scio. Ayuda Domicilio;0;0
2010;1;24100;;;Fomento del empleo;127000;382960.9
2011;1;24100;;;Fomento del empleo;205150;153961.36
2012;1;24100;;;Fomento del empleo;208144.35;133925.57
2013;1;24100;;;Fomento del empleo;210084.35;146077.03
2014;1;24100;;;Fomento del empleo;190084.35;157121.65
2015;1;24100;;;Fomento del empleo;150000;81929.13
2016;1;24100;;;Fomento del empleo;174119;576669.29
2017;1;24100;;;Fomento del empleo;204119;168110.97
2018;1;24100;;;Fomento del empleo;219650;243794.2
2019;1;24100;;;Fomento del empleo;139555.78;105900.41
2020;1;24100;;;Fomento del empleo;98000;240526.47
2021;1;24100;;;Fomento del empleo;122000;329006.36
2022;1;24100;;;Fomento del empleo;122000;198224.69
2023;1;24100;;;Fomento del empleo;180000;132205.38
2024;1;24100;;;Fomento del empleo;120000;154944.79
2010;1;24101;;;PLAN ZONAS DEPRIMIDAS - SPEE;0;129608.61
2011;1;24101;;;PLAN ZONAS DEPRIMIDAS - SPEE;0;139398.27
2012;1;24101;;;PLAN ZONAS DEPRIMIDAS - SPEE;0;128046.13
2013;1;24101;;;PLAN ZONAS DEPRIMIDAS - SPEE;0;151681.47
2014;1;24101;;;PLAN ZONAS DEPRIMIDAS - SPEE;0;180401.56
2015;1;24101;;;PLAN ZONAS DEPRIMIDAS - SPEE;0;152277.33
2016;1;24101;;;PLAN ZONAS DEPRIMIDAS - SPEE;0;136725.92
2017;1;24101;;;PLAN ZONAS DEPRIMIDAS - SPEE;0;0
2018;1;24101;;;PLAN ZONAS DEPRIMIDAS - SPEE;0;0
2019;1;24101;;;PLAN ZONAS DEPRIMIDAS - SPEE;0;0
2020;1;24101;;;PLAN ZONAS DEPRIMIDAS - SPEE;0;0
2021;1;24101;;;PLAN ZONAS DEPRIMIDAS - SPEE;0;0
2022;1;24101;;;PLAN ZONAS DEPRIMIDAS - SPEE;0;47038.85
2023;1;24101;;;PLAN ZONAS DEPRIMIDAS - SPEE;0;0
2024;1;24101;;;PLAN ZONAS DEPRIMIDAS - SPEE;0;6447.57
2010;1;24102;;;PLAN EMPLEO DIPUTACIÓN;0;171449.33
2011;1;24102;;;PLAN EMPLEO DIPUTACIÓN;0;162033.64
2012;1;24102;;;PLAN EMPLEO DIPUTACIÓN;0;240729.55
2013;1;24102;;;PLAN EMPLEO DIPUTACIÓN;0;4465.38
2014;1;24102;;;PLAN EMPLEO DIPUTACIÓN;0;0
2015;1;24102;;;PLAN EMPLEO DIPUTACIÓN;4750;97788.79
2016;1;24102;;;PLAN EMPLEO DIPUTACIÓN;5000;72407
2017;1;24102;;;PLAN EMPLEO DIPUTACIÓN;5000;73150.93
2018;1;24102;;;PLAN EMPLEO DIPUTACIÓN;5000;78463.6
2019;1;24102;;;PLAN EMPLEO DIPUTACIÓN;5000;89795.31
2020;1;24102;;;PLAN EMPLEO DIPUTACIÓN;5000;55844.09
2021;1;24102;;;PLAN EMPLEO DIPUTACIÓN;5000;163240.54
2022;1;24102;;;PLAN EMPLEO DIPUTACIÓN;5000;118013.13
2023;1;24102;;;PLAN EMPLEO DIPUTACIÓN;5000;0
2024;1;24102;;;PLAN EMPLEO DIPUTACIÓN;0;0
2010;1;24103;;;PLAN EMPLEO DIPUTACION-ACCION EXTRAORDINARIA ;0;0
2011;1;24103;;;PLAN EMPLEO DIPUTACION-ACCION EXTRAORDINARIA ;0;0
2012;1;24103;;;PLAN EMPLEO DIPUTACION-ACCION EXTRAORDINARIA ;0;8616.68
2013;1;24103;;;PLAN EMPLEO DIPUTACION-ACCION EXTRAORDINARIA ;0;17879.22
2014;1;24103;;;PLAN EMPLEO DIPUTACION-ACCION EXTRAORDINARIA ;0;0
2015;1;24103;;;PLAN EMPLEO DIPUTACION-ACCION EXTRAORDINARIA ;0;130410.92
2016;1;24103;;;PLAN EMPLEO DIPUTACION-ACCION EXTRAORDINARIA ;0;4445.48
2017;1;24103;;;PLAN EMPLEO DIPUTACION-ACCION EXTRAORDINARIA ;0;0
2018;1;24103;;;PLAN EMPLEO DIPUTACION-ACCION EXTRAORDINARIA ;0;168367.95
2019;1;24103;;;PLAN EMPLEO DIPUTACION-ACCION EXTRAORDINARIA ;59651.48;407107.84
2020;1;24103;;;PLAN EMPLEO DIPUTACION-ACCION EXTRAORDINARIA ;0;0
2021;1;24103;;;PLAN EMPLEO DIPUTACION-ACCION EXTRAORDINARIA ;0;0
2022;1;24103;;;PLAN EMPLEO DIPUTACION-ACCION EXTRAORDINARIA ;0;0
2023;1;24103;;;PLAN EMPLEO DIPUTACION-ACCION EXTRAORDINARIA ;0;0
2024;1;24103;;;PLAN EMPLEO DIPUTACION-ACCION EXTRAORDINARIA ;0;0
2010;1;24104;;;P.EMPLEO DIPUTACION PLAN DE EMERGENCIA ;15478.92;85472.06
2011;1;24104;;;P.EMPLEO DIPUTACION PLAN DE EMERGENCIA ;0;0
2012;1;24104;;;P.EMPLEO DIPUTACION PLAN DE EMERGENCIA ;0;0
2013;1;24104;;;P.EMPLEO DIPUTACION PLAN DE EMERGENCIA ;0;195106.83
2014;1;24104;;;P.EMPLEO DIPUTACION PLAN DE EMERGENCIA ;0;15376.7
2015;1;24104;;;P.EMPLEO DIPUTACION PLAN DE EMERGENCIA ;0;115015.85
2016;1;24104;;;P.EMPLEO DIPUTACION PLAN DE EMERGENCIA ;0;0
2017;1;24104;;;P.EMPLEO DIPUTACION PLAN DE EMERGENCIA ;0;0
2018;1;24104;;;P.EMPLEO DIPUTACION PLAN DE EMERGENCIA ;0;0
2019;1;24104;;;P.EMPLEO DIPUTACION PLAN DE EMERGENCIA ;0;0
2020;1;24104;;;P.EMPLEO DIPUTACION PLAN DE EMERGENCIA ;0;0
2021;1;24104;;;P.EMPLEO DIPUTACION PLAN DE EMERGENCIA ;0;0
2022;1;24104;;;P.EMPLEO DIPUTACION PLAN DE EMERGENCIA ;0;0
2023;1;24104;;;P.EMPLEO DIPUTACION PLAN DE EMERGENCIA ;0;120600.05
2024;1;24104;;;P.EMPLEO DIPUTACION PLAN DE EMERGENCIA ;0;111275.22
2010;1;24105;;;PLANES DE EMPLEO DIPUTACIÓN ;0;0
2011;1;24105;;;PLANES DE EMPLEO DIPUTACIÓN ;0;0
2012;1;24105;;;PLANES DE EMPLEO DIPUTACIÓN ;0;0
2013;1;24105;;;PLANES DE EMPLEO DIPUTACIÓN ;0;36145.34
2014;1;24105;;;PLANES DE EMPLEO DIPUTACIÓN ;0;57397.72
2015;1;24105;;;PLANES DE EMPLEO DIPUTACIÓN ;0;80837.77
2016;1;24105;;;PLANES DE EMPLEO DIPUTACIÓN ;6992.4;116361.5
2017;1;24105;;;PLANES DE EMPLEO DIPUTACIÓN ;0;0
2018;1;24105;;;PLANES DE EMPLEO DIPUTACIÓN ;0;0
2019;1;24105;;;PLANES DE EMPLEO DIPUTACIÓN ;0;0
2020;1;24105;;;PLANES DE EMPLEO DIPUTACIÓN ;0;0
2021;1;24105;;;PLANES DE EMPLEO DIPUTACIÓN ;0;0
2022;1;24105;;;PLANES DE EMPLEO DIPUTACIÓN ;0;0
2023;1;24105;;;PLANES DE EMPLEO DIPUTACIÓN ;0;0
2024;1;24105;;;PLANES DE EMPLEO DIPUTACIÓN ;0;0
2010;1;24106;;;PLAN ESPECIAL DE EMPLEO DIPUTACIÓN ;0;0
2011;1;24106;;;PLAN ESPECIAL DE EMPLEO DIPUTACIÓN ;0;0
2012;1;24106;;;PLAN ESPECIAL DE EMPLEO DIPUTACIÓN ;0;0
2013;1;24106;;;PLAN ESPECIAL DE EMPLEO DIPUTACIÓN ;0;0
2014;1;24106;;;PLAN ESPECIAL DE EMPLEO DIPUTACIÓN ;1415;91465.16
2015;1;24106;;;PLAN ESPECIAL DE EMPLEO DIPUTACIÓN ;0;0
2016;1;24106;;;PLAN ESPECIAL DE EMPLEO DIPUTACIÓN ;0;688.5
2017;1;24106;;;PLAN ESPECIAL DE EMPLEO DIPUTACIÓN ;0;54091.02
2018;1;24106;;;PLAN ESPECIAL DE EMPLEO DIPUTACIÓN ;0;0
2019;1;24106;;;PLAN ESPECIAL DE EMPLEO DIPUTACIÓN ;0;0
2020;1;24106;;;PLAN ESPECIAL DE EMPLEO DIPUTACIÓN ;0;0
2021;1;24106;;;PLAN ESPECIAL DE EMPLEO DIPUTACIÓN ;0;0
2022;1;24106;;;PLAN ESPECIAL DE EMPLEO DIPUTACIÓN ;0;0
2023;1;24106;;;PLAN ESPECIAL DE EMPLEO DIPUTACIÓN ;0;0
2024;1;24106;;;PLAN ESPECIAL DE EMPLEO DIPUTACIÓN ;0;0
2010;1;24107;;;PLAN EMPLEO DIPUTACION 14-15;0;0
2011;1;24107;;;PLAN EMPLEO DIPUTACION 14-15;0;0
2012;1;24107;;;PLAN EMPLEO DIPUTACION 14-15;0;0
2013;1;24107;;;PLAN EMPLEO DIPUTACION 14-15;0;0
2014;1;24107;;;PLAN EMPLEO DIPUTACION 14-15;0;105419.76
2015;1;24107;;;PLAN EMPLEO DIPUTACION 14-15;0;0
2016;1;24107;;;PLAN EMPLEO DIPUTACION 14-15;0;0
2017;1;24107;;;PLAN EMPLEO DIPUTACION 14-15;0;21871.6
2018;1;24107;;;PLAN EMPLEO DIPUTACION 14-15;0;0
2019;1;24107;;;PLAN EMPLEO DIPUTACION 14-15;0;0
2020;1;24107;;;PLAN EMPLEO DIPUTACION 14-15;0;0
2021;1;24107;;;PLAN EMPLEO DIPUTACION 14-15;0;0
2022;1;24107;;;PLAN EMPLEO DIPUTACION 14-15;0;0
2023;1;24107;;;PLAN EMPLEO DIPUTACION 14-15;0;0
2024;1;24107;;;PLAN EMPLEO DIPUTACION 14-15;0;0
2010;1;24108;;1;TALLER DE EMPLEO: TECNICO COMERCIAL EQUIPOS MECA. Y ELEC.;0;0
2011;1;24108;;1;TALLER DE EMPLEO: TECNICO COMERCIAL EQUIPOS MECA. Y ELEC.;0;0
2012;1;24108;;1;TALLER DE EMPLEO: TECNICO COMERCIAL EQUIPOS MECA. Y ELEC.;0;0
2013;1;24108;;1;TALLER DE EMPLEO: TECNICO COMERCIAL EQUIPOS MECA. Y ELEC.;0;0
2014;1;24108;;1;TALLER DE EMPLEO: TECNICO COMERCIAL EQUIPOS MECA. Y ELEC.;0;109970.11
2015;1;24108;;1;TALLER DE EMPLEO: TECNICO COMERCIAL EQUIPOS MECA. Y ELEC.;0;0
2016;1;24108;;1;TALLER DE EMPLEO: TECNICO COMERCIAL EQUIPOS MECA. Y ELEC.;0;0
2017;1;24108;;1;TALLER DE EMPLEO: TECNICO COMERCIAL EQUIPOS MECA. Y ELEC.;0;488318.81
2018;1;24108;;1;TALLER DE EMPLEO: TECNICO COMERCIAL EQUIPOS MECA. Y ELEC.;35051.21;150840.12
2019;1;24108;;1;TALLER DE EMPLEO: TECNICO COMERCIAL EQUIPOS MECA. Y ELEC.;0;0
2020;1;24108;;1;TALLER DE EMPLEO: TECNICO COMERCIAL EQUIPOS MECA. Y ELEC.;113000;546883.26
2021;1;24108;;1;TALLER DE EMPLEO: TECNICO COMERCIAL EQUIPOS MECA. Y ELEC.;113000;24958.65
2022;1;24108;;1;TALLER DE EMPLEO: TECNICO COMERCIAL EQUIPOS MECA. Y ELEC.;0;0
2023;1;24108;;1;TALLER DE EMPLEO: TECNICO COMERCIAL EQUIPOS MECA. Y ELEC.;0;0
2024;1;24108;;1;TALLER DE EMPLEO: TECNICO COMERCIAL EQUIPOS MECA. Y ELEC.;0;0
2010;1;24109;;1;Fomento del Empleo..- PLAN ESPECIAL ZONAS;0;0
2011;1;24109;;1;Fomento del Empleo..- PLAN ESPECIAL ZONAS;0;0
2012;1;24109;;1;Fomento del Empleo..- PLAN ESPECIAL ZONAS;0;0
2013;1;24109;;1;Fomento del Empleo..- PLAN ESPECIAL ZONAS;0;0
2014;1;24109;;1;Fomento del Empleo..- PLAN ESPECIAL ZONAS;0;0
2015;1;24109;;1;Fomento del Empleo..- PLAN ESPECIAL ZONAS;0;0
2016;1;24109;;1;Fomento del Empleo..- PLAN ESPECIAL ZONAS;0;0
2017;1;24109;;1;Fomento del Empleo..- PLAN ESPECIAL ZONAS;0;136163.93
2018;1;24109;;1;Fomento del Empleo..- PLAN ESPECIAL ZONAS;0;102764.23
2019;1;24109;;1;Fomento del Empleo..- PLAN ESPECIAL ZONAS;0;123002.61
2020;1;24109;;1;Fomento del Empleo..- PLAN ESPECIAL ZONAS;0;0
2021;1;24109;;1;Fomento del Empleo..- PLAN ESPECIAL ZONAS;0;0
2022;1;24109;;1;Fomento del Empleo..- PLAN ESPECIAL ZONAS;0;0
2023;1;24109;;1;Fomento del Empleo..- PLAN ESPECIAL ZONAS;0;143873.82
2024;1;24109;;1;Fomento del Empleo..- PLAN ESPECIAL ZONAS;0;142320.96
2010;1;24110;;1;FOMENTO EMPLEO.- PROGRAMA OPERATIVO EMPLE;0;0
2011;1;24110;;1;FOMENTO EMPLEO.- PROGRAMA OPERATIVO EMPLE;0;0
2012;1;24110;;1;FOMENTO EMPLEO.- PROGRAMA OPERATIVO EMPLE;0;0
2013;1;24110;;1;FOMENTO EMPLEO.- PROGRAMA OPERATIVO EMPLE;0;0
2014;1;24110;;1;FOMENTO EMPLEO.- PROGRAMA OPERATIVO EMPLE;0;0
2015;1;24110;;1;FOMENTO EMPLEO.- PROGRAMA OPERATIVO EMPLE;0;0
2016;1;24110;;1;FOMENTO EMPLEO.- PROGRAMA OPERATIVO EMPLE;0;0
2017;1;24110;;1;FOMENTO EMPLEO.- PROGRAMA OPERATIVO EMPLE;0;0
2018;1;24110;;1;FOMENTO EMPLEO.- PROGRAMA OPERATIVO EMPLE;0;2707.37
2019;1;24110;;1;FOMENTO EMPLEO.- PROGRAMA OPERATIVO EMPLE;30001;55842.21
2020;1;24110;;1;FOMENTO EMPLEO.- PROGRAMA OPERATIVO EMPLE;43521.67;0
2021;1;24110;;1;FOMENTO EMPLEO.- PROGRAMA OPERATIVO EMPLE;29500;0
2022;1;24110;;1;FOMENTO EMPLEO.- PROGRAMA OPERATIVO EMPLE;0;0
2023;1;24110;;1;FOMENTO EMPLEO.- PROGRAMA OPERATIVO EMPLE;0;0
2024;1;24110;;1;FOMENTO EMPLEO.- PROGRAMA OPERATIVO EMPLE;0;0
2010;1;24111;;1;FOMENTO EMPLEO.- PROGRAMA OPERATIVO EMPLE;0;0
2011;1;24111;;1;FOMENTO EMPLEO.- PROGRAMA OPERATIVO EMPLE;0;0
2012;1;24111;;1;FOMENTO EMPLEO.- PROGRAMA OPERATIVO EMPLE;0;0
2013;1;24111;;1;FOMENTO EMPLEO.- PROGRAMA OPERATIVO EMPLE;0;0
2014;1;24111;;1;FOMENTO EMPLEO.- PROGRAMA OPERATIVO EMPLE;0;0
2015;1;24111;;1;FOMENTO EMPLEO.- PROGRAMA OPERATIVO EMPLE;0;0
2016;1;24111;;1;FOMENTO EMPLEO.- PROGRAMA OPERATIVO EMPLE;0;0
2017;1;24111;;1;FOMENTO EMPLEO.- PROGRAMA OPERATIVO EMPLE;0;0
2018;1;24111;;1;FOMENTO EMPLEO.- PROGRAMA OPERATIVO EMPLE;0;0
2019;1;24111;;1;FOMENTO EMPLEO.- PROGRAMA OPERATIVO EMPLE;0;2924.92
2020;1;24111;;1;FOMENTO EMPLEO.- PROGRAMA OPERATIVO EMPLE;0;78485.21
2021;1;24111;;1;FOMENTO EMPLEO.- PROGRAMA OPERATIVO EMPLE;0;0
2022;1;24111;;1;FOMENTO EMPLEO.- PROGRAMA OPERATIVO EMPLE;30000;30000
2023;1;24111;;1;FOMENTO EMPLEO.- PROGRAMA OPERATIVO EMPLE;0;0
2024;1;24111;;1;FOMENTO EMPLEO.- PROGRAMA OPERATIVO EMPLE;0;0
2010;1;24111;;1;FOMENTO EMPLEO.- PROGRAMA OPERATIVO EMPLE;0;0
2011;1;24111;;1;FOMENTO EMPLEO.- PROGRAMA OPERATIVO EMPLE;0;0
2012;1;24111;;1;FOMENTO EMPLEO.- PROGRAMA OPERATIVO EMPLE;0;0
2013;1;24111;;1;FOMENTO EMPLEO.- PROGRAMA OPERATIVO EMPLE;0;0
2014;1;24111;;1;FOMENTO EMPLEO.- PROGRAMA OPERATIVO EMPLE;0;0
2015;1;24111;;1;FOMENTO EMPLEO.- PROGRAMA OPERATIVO EMPLE;0;0
2016;1;24111;;1;FOMENTO EMPLEO.- PROGRAMA OPERATIVO EMPLE;0;0
2017;1;24111;;1;FOMENTO EMPLEO.- PROGRAMA OPERATIVO EMPLE;0;0
2018;1;24111;;1;FOMENTO EMPLEO.- PROGRAMA OPERATIVO EMPLE;0;0
2019;1;24111;;1;FOMENTO EMPLEO.- PROGRAMA OPERATIVO EMPLE;0;0
2020;1;24111;;1;FOMENTO EMPLEO.- PROGRAMA OPERATIVO EMPLE;0;0
2021;1;24111;;1;FOMENTO EMPLEO.- PROGRAMA OPERATIVO EMPLE;0;68882.69
2022;1;24111;;1;FOMENTO EMPLEO.- PROGRAMA OPERATIVO EMPLE;0;0
2023;1;24111;;1;FOMENTO EMPLEO.- PROGRAMA OPERATIVO EMPLE;0;0
2024;1;24111;;1;FOMENTO EMPLEO.- PROGRAMA OPERATIVO EMPLE;0;0
2010;1;24113;;1;¿?;0;0
2011;1;24113;;1;¿?;0;0
2012;1;24113;;1;¿?;0;0
2013;1;24113;;1;¿?;0;0
2014;1;24113;;1;¿?;0;0
2015;1;24113;;1;¿?;0;0
2016;1;24113;;1;¿?;0;0
2017;1;24113;;1;¿?;0;0
2018;1;24113;;1;¿?;0;0
2019;1;24113;;1;¿?;0;0
2020;1;24113;;1;¿?;0;0
2021;1;24113;;1;¿?;0;15239.03
2022;1;24113;;1;¿?;0;18726.8
2023;1;24113;;1;¿?;0;0
2024;1;24113;;1;¿?;0;0
2010;1;24113;;1;¿?;0;0
2011;1;24113;;1;¿?;0;0
2012;1;24113;;1;¿?;0;0
2013;1;24113;;1;¿?;0;0
2014;1;24113;;1;¿?;0;0
2015;1;24113;;1;¿?;0;0
2016;1;24113;;1;¿?;0;0
2017;1;24113;;1;¿?;0;0
2018;1;24113;;1;¿?;0;0
2019;1;24113;;1;¿?;0;0
2020;1;24113;;1;¿?;0;0
2021;1;24113;;1;¿?;0;31792.37
2022;1;24113;;1;¿?;0;0
2023;1;24113;;1;¿?;0;0
2024;1;24113;;1;¿?;0;0
2010;1;24115;;1;¿?;0;0
2011;1;24115;;1;¿?;0;0
2012;1;24115;;1;¿?;0;0
2013;1;24115;;1;¿?;0;0
2014;1;24115;;1;¿?;0;0
2015;1;24115;;1;¿?;0;0
2016;1;24115;;1;¿?;0;0
2017;1;24115;;1;¿?;0;0
2018;1;24115;;1;¿?;0;0
2019;1;24115;;1;¿?;0;0
2020;1;24115;;1;¿?;0;0
2021;1;24115;;1;¿?;0;130115.54
2022;1;24115;;1;¿?;0;136873.98
2023;1;24115;;1;¿?;0;0
2024;1;24115;;1;¿?;0;0
2010;1;24116;;1;¿?;0;0
2011;1;24116;;1;¿?;0;0
2012;1;24116;;1;¿?;0;0
2013;1;24116;;1;¿?;0;0
2014;1;24116;;1;¿?;0;0
2015;1;24116;;1;¿?;0;0
2016;1;24116;;1;¿?;0;0
2017;1;24116;;1;¿?;0;0
2018;1;24116;;1;¿?;0;0
2019;1;24116;;1;¿?;0;0
2020;1;24116;;1;¿?;0;0
2021;1;24116;;1;¿?;0;245089.98
2022;1;24116;;1;¿?;0;713037.37
2023;1;24116;;1;¿?;0;0
2024;1;24116;;1;¿?;0;0
2010;1;24117;;1;¿?;0;0
2011;1;24117;;1;¿?;0;0
2012;1;24117;;1;¿?;0;0
2013;1;24117;;1;¿?;0;0
2014;1;24117;;1;¿?;0;0
2015;1;24117;;1;¿?;0;0
2016;1;24117;;1;¿?;0;0
2017;1;24117;;1;¿?;0;0
2018;1;24117;;1;¿?;0;0
2019;1;24117;;1;¿?;0;0
2020;1;24117;;1;¿?;0;0
2021;1;24117;;1;¿?;0;4516.41
2022;1;24117;;1;¿?;0;24557.75
2023;1;24117;;1;¿?;0;0
2024;1;24117;;1;¿?;0;0
2010;1;24118;;1;¿?;0;0
2011;1;24118;;1;¿?;0;0
2012;1;24118;;1;¿?;0;0
2013;1;24118;;1;¿?;0;0
2014;1;24118;;1;¿?;0;0
2015;1;24118;;1;¿?;0;0
2016;1;24118;;1;¿?;0;0
2017;1;24118;;1;¿?;0;0
2018;1;24118;;1;¿?;0;0
2019;1;24118;;1;¿?;0;0
2020;1;24118;;1;¿?;0;0
2021;1;24118;;1;¿?;0;0
2022;1;24118;;1;¿?;0;45933.78
2023;1;24118;;1;¿?;0;83025.32
2024;1;24118;;1;¿?;0;0
2010;1;24119;;1;¿?;0;0
2011;1;24119;;1;¿?;0;0
2012;1;24119;;1;¿?;0;0
2013;1;24119;;1;¿?;0;0
2014;1;24119;;1;¿?;0;0
2015;1;24119;;1;¿?;0;0
2016;1;24119;;1;¿?;0;0
2017;1;24119;;1;¿?;0;0
2018;1;24119;;1;¿?;0;0
2019;1;24119;;1;¿?;0;0
2020;1;24119;;1;¿?;0;0
2021;1;24119;;1;¿?;0;0
2022;1;24119;;1;¿?;0;4551.68
2023;1;24119;;1;¿?;37000;718305.28
2024;1;24119;;1;¿?;50000;460756.41
2010;1;24200;;1;TALLER DE EMPLEO SEPECAM;0;0
2011;1;24200;;1;TALLER DE EMPLEO SEPECAM;15478.92;43456.76
2012;1;24200;;1;TALLER DE EMPLEO SEPECAM;30000;0
2013;1;24200;;1;TALLER DE EMPLEO SEPECAM;4000;326.45
2014;1;24200;;1;TALLER DE EMPLEO SEPECAM;4000;0
2015;1;24200;;1;TALLER DE EMPLEO SEPECAM;0;0
2016;1;24200;;1;TALLER DE EMPLEO SEPECAM;0;0
2017;1;24200;;1;TALLER DE EMPLEO SEPECAM;0;0
2018;1;24200;;1;TALLER DE EMPLEO SEPECAM;0;0
2019;1;24200;;1;TALLER DE EMPLEO SEPECAM;0;0
2020;1;24200;;1;TALLER DE EMPLEO SEPECAM;0;0
2021;1;24200;;1;TALLER DE EMPLEO SEPECAM;0;0
2022;1;24200;;1;TALLER DE EMPLEO SEPECAM;0;0
2023;1;24200;;1;TALLER DE EMPLEO SEPECAM;0;0
2024;1;24200;;1;TALLER DE EMPLEO SEPECAM;0;0
2010;1;24300;;1;Plan Acción Local SEPECAM;41347.83;213630.84
2011;1;24300;;1;Plan Acción Local SEPECAM;41347.83;257851.02
2012;1;24300;;1;Plan Acción Local SEPECAM;0;28767.39
2013;1;24300;;1;Plan Acción Local SEPECAM;0;0
2014;1;24300;;1;Plan Acción Local SEPECAM;0;0
2015;1;24300;;1;Plan Acción Local SEPECAM;0;0
2016;1;24300;;1;Plan Acción Local SEPECAM;0;0
2017;1;24300;;1;Plan Acción Local SEPECAM;0;0
2018;1;24300;;1;Plan Acción Local SEPECAM;0;0
2019;1;24300;;1;Plan Acción Local SEPECAM;0;0
2020;1;24300;;1;Plan Acción Local SEPECAM;0;0
2021;1;24300;;1;Plan Acción Local SEPECAM;0;0
2022;1;24300;;1;Plan Acción Local SEPECAM;0;0
2023;1;24300;;1;Plan Acción Local SEPECAM;0;0
2024;1;24300;;1;Plan Acción Local SEPECAM;0;0
2010;1;31100;;1;Protección de la salubridad pública;0;0
2011;1;31100;;1;Protección de la salubridad pública;0;0
2012;1;31100;;1;Protección de la salubridad pública;0;0
2013;1;31100;;1;Protección de la salubridad pública;0;0
2014;1;31100;;1;Protección de la salubridad pública;0;0
2015;1;31100;;1;Protección de la salubridad pública;0;0
2016;1;31100;;1;Protección de la salubridad pública;16000;19538.23
2017;1;31100;;1;Protección de la salubridad pública;18600;19550.27
2018;1;31100;;1;Protección de la salubridad pública;19600;24561.32
2019;1;31100;;1;Protección de la salubridad pública;23000;18647.79
2020;1;31100;;1;Protección de la salubridad pública;27388;95775.3
2021;1;31100;;1;Protección de la salubridad pública;41000;55691.65
2022;1;31100;;1;Protección de la salubridad pública;38500;20850.3
2023;1;31100;;1;Protección de la salubridad pública;25264.81;19349.75
2024;1;31100;;1;Protección de la salubridad pública;20414;12521.12
2010;1;31101;;;Protección de la salubridad pública;0;0
2011;1;31101;;;Protección de la salubridad pública;0;0
2012;1;31101;;;Protección de la salubridad pública;0;0
2013;1;31101;;;Protección de la salubridad pública;0;0
2014;1;31101;;;Protección de la salubridad pública;0;0
2015;1;31101;;;Protección de la salubridad pública;0;0
2016;1;31101;;;Protección de la salubridad pública;0;0
2017;1;31101;;;Protección de la salubridad pública;0;0
2018;1;31101;;;Protección de la salubridad pública;0;0
2019;1;31101;;;Protección de la salubridad pública;0;0
2020;1;31101;;;Protección de la salubridad pública;0;5311.54
2021;1;31101;;;Protección de la salubridad pública;0;0
2022;1;31101;;;Protección de la salubridad pública;0;0
2023;1;31101;;;Protección de la salubridad pública;0;0
2024;1;31101;;;Protección de la salubridad pública;0;0
2010;1;31110;;;¿?;0;0
2011;1;31110;;;¿?;0;0
2012;1;31110;;;¿?;0;0
2013;1;31110;;;¿?;0;0
2014;1;31110;;;¿?;0;0
2015;1;31110;;;¿?;0;0
2016;1;31110;;;¿?;0;0
2017;1;31110;;;¿?;0;0
2018;1;31110;;;¿?;0;0
2019;1;31110;;;¿?;0;0
2020;1;31110;;;¿?;0;0
2021;1;31110;;;¿?;0;0
2022;1;31110;;;¿?;0;14000
2023;1;31110;;;¿?;0;0
2024;1;31110;;;¿?;0;0
2010;1;32000;;;Administración General de educación;217001;218291.66
2011;1;32000;;;Administración General de educación;226501;213167.06
2012;1;32000;;;Administración General de educación;207099;232698.02
2013;1;32000;;;Administración General de educación;214202;211446.43
2014;1;32000;;;Administración General de educación;234500;226435.65
2015;1;32000;;;Administración General de educación;0;0
2016;1;32000;;;Administración General de educación;0;0
2017;1;32000;;;Administración General de educación;0;0
2018;1;32000;;;Administración General de educación;0;0
2019;1;32000;;;Administración General de educación;0;0
2020;1;32000;;;Administración General de educación;0;0
2021;1;32000;;;Administración General de educación;0;0
2022;1;32000;;;Administración General de educación;0;0
2023;1;32000;;;Administración General de educación;0;0
2024;1;32000;;;Administración General de educación;0;0
2010;1;32100;;;Educación preescolar y primaria;139655.78;134504.74
2011;1;32100;;;Educación preescolar y primaria;132959.09;135680.4
2012;1;32100;;;Educación preescolar y primaria;152689.34;136662.4
2013;1;32100;;;Educación preescolar y primaria;141222.88;143535.29
2014;1;32100;;;Educación preescolar y primaria;142022.88;106240.02
2015;1;32100;;;Educación preescolar y primaria;0;0
2016;1;32100;;;Educación preescolar y primaria;0;0
2017;1;32100;;;Educación preescolar y primaria;0;0
2018;1;32100;;;Educación preescolar y primaria;0;0
2019;1;32100;;;Educación preescolar y primaria;0;0
2020;1;32100;;;Educación preescolar y primaria;239018.41;0
2021;1;32100;;;Educación preescolar y primaria;0;0
2022;1;32100;;;Educación preescolar y primaria;0;0
2023;1;32100;;;Educación preescolar y primaria;0;0
2024;1;32100;;;Educación preescolar y primaria;0;0
2010;1;32300;;;Funcionamiento de centros docentes de enseñanza prees. y prim;0;0
2011;1;32300;;;Funcionamiento de centros docentes de enseñanza prees. y prim;0;0
2012;1;32300;;;Funcionamiento de centros docentes de enseñanza prees. y prim;0;0
2013;1;32300;;;Funcionamiento de centros docentes de enseñanza prees. y prim;0;0
2014;1;32300;;;Funcionamiento de centros docentes de enseñanza prees. y prim;0;0
2015;1;32300;;;Funcionamiento de centros docentes de enseñanza prees. y prim;212522.22;249198.75
2016;1;32300;;;Funcionamiento de centros docentes de enseñanza prees. y prim;231051.41;226683.22
2017;1;32300;;;Funcionamiento de centros docentes de enseñanza prees. y prim;226401.81;241573.13
2018;1;32300;;;Funcionamiento de centros docentes de enseñanza prees. y prim;235108.41;251696.78
2019;1;32300;;;Funcionamiento de centros docentes de enseñanza prees. y prim;239588.97;550336.28
2020;1;32300;;;Funcionamiento de centros docentes de enseñanza prees. y prim;112735.32;229265.74
2021;1;32300;;;Funcionamiento de centros docentes de enseñanza prees. y prim;237756.63;303525.06
2022;1;32300;;;Funcionamiento de centros docentes de enseñanza prees. y prim;240561.7;303962.12
2023;1;32300;;;Funcionamiento de centros docentes de enseñanza prees. y prim;248019.02;334535.02
2024;1;32300;;;Funcionamiento de centros docentes de enseñanza prees. y prim;231424.21;254968.79
2010;1;32301;;;¿;0;0
2011;1;32301;;;¿;0;0
2012;1;32301;;;¿;0;0
2013;1;32301;;;¿;0;0
2014;1;32301;;;¿;0;0
2015;1;32301;;;¿;0;0
2016;1;32301;;;¿;0;0
2017;1;32301;;;¿;0;0
2018;1;32301;;;¿;0;0
2019;1;32301;;;¿;0;0
2020;1;32301;;;¿;0;0
2021;1;32301;;;¿;0;17306.7
2022;1;32301;;;¿;465443.28;556987.77
2023;1;32301;;;¿;480388;619621.95
2024;1;32301;;;¿;0;0
2010;1;32310;;;Funcio. de centros docentes de enseñanza preescolar y prim;0;0
2011;1;32310;;;Funcio. de centros docentes de enseñanza preescolar y prim;0;0
2012;1;32310;;;Funcio. de centros docentes de enseñanza preescolar y prim;0;0
2013;1;32310;;;Funcio. de centros docentes de enseñanza preescolar y prim;0;0
2014;1;32310;;;Funcio. de centros docentes de enseñanza preescolar y prim;0;0
2015;1;32310;;;Funcio. de centros docentes de enseñanza preescolar y prim;105139.39;110402.01
2016;1;32310;;;Funcio. de centros docentes de enseñanza preescolar y prim;108977.66;105201.67
2017;1;32310;;;Funcio. de centros docentes de enseñanza preescolar y prim;111164.18;110762.9
2018;1;32310;;;Funcio. de centros docentes de enseñanza preescolar y prim;84234.89;103590.63
2019;1;32310;;;Funcio. de centros docentes de enseñanza preescolar y prim;110527.2;95730.11
2020;1;32310;;;Funcio. de centros docentes de enseñanza preescolar y prim;0;115746.94
2021;1;32310;;;Funcio. de centros docentes de enseñanza preescolar y prim;123008.51;126010.57
2022;1;32310;;;Funcio. de centros docentes de enseñanza preescolar y prim;133748.54;135125.31
2023;1;32310;;;Funcio. de centros docentes de enseñanza preescolar y prim;135851.18;129275.41
2024;1;32310;;;Funcio. de centros docentes de enseñanza preescolar y prim;132863.08;153667.11
2010;1;32500;;;Éducación - Escuela Música y Danza;332960.59;291250.27
2011;1;32500;;;Éducación - Escuela Música y Danza;323862.91;277698.08
2012;1;32500;;;Éducación - Escuela Música y Danza;231207.31;217929.34
2013;1;32500;;;Éducación - Escuela Música y Danza;213076.83;210765.29
2014;1;32500;;;Éducación - Escuela Música y Danza;224023.19;222896.36
2015;1;32500;;;Éducación - Escuela Música y Danza;0;0
2016;1;32500;;;Éducación - Escuela Música y Danza;0;0
2017;1;32500;;;Éducación - Escuela Música y Danza;0;0
2018;1;32500;;;Éducación - Escuela Música y Danza;0;0
2019;1;32500;;;Éducación - Escuela Música y Danza;0;0
2020;1;32500;;;Éducación - Escuela Música y Danza;0;0
2021;1;32500;;;Éducación - Escuela Música y Danza;0;0
2022;1;32500;;;Éducación - Escuela Música y Danza;0;0
2023;1;32500;;;Éducación - Escuela Música y Danza;0;0
2024;1;32500;;;Éducación - Escuela Música y Danza;4000;0
2010;1;32600;;;Servicios complementarios de educación.;0;0
2011;1;32600;;;Servicios complementarios de educación.;0;0
2012;1;32600;;;Servicios complementarios de educación.;0;0
2013;1;32600;;;Servicios complementarios de educación.;0;0
2014;1;32600;;;Servicios complementarios de educación.;0;0
2015;1;32600;;;Servicios complementarios de educación.;13043.06;14212.26
2016;1;32600;;;Servicios complementarios de educación.;22120.01;23293.64
2017;1;32600;;;Servicios complementarios de educación.;37662.12;32107.74
2018;1;32600;;;Servicios complementarios de educación.;38297.16;34102.2
2019;1;32600;;;Servicios complementarios de educación.;39857.07;29722.27
2020;1;32600;;;Servicios complementarios de educación.;42050.6;32897.51
2021;1;32600;;;Servicios complementarios de educación.;45184.36;36191.9
2022;1;32600;;;Servicios complementarios de educación.;42083.31;39655.5
2023;1;32600;;;Servicios complementarios de educación.;41919.6;29269.13
2024;1;32600;;;Servicios complementarios de educación.;33682.88;29604
2010;1;32610;;;Servicios comple. de educación: ESCUELA DE MUSICA y DANZA;0;0
2011;1;32610;;;Servicios comple. de educación: ESCUELA DE MUSICA y DANZA;0;0
2012;1;32610;;;Servicios comple. de educación: ESCUELA DE MUSICA y DANZA;0;0
2013;1;32610;;;Servicios comple. de educación: ESCUELA DE MUSICA y DANZA;0;0
2014;1;32610;;;Servicios comple. de educación: ESCUELA DE MUSICA y DANZA;0;0
2015;1;32610;;;Servicios comple. de educación: ESCUELA DE MUSICA y DANZA;238616.51;226271.36
2016;1;32610;;;Servicios comple. de educación: ESCUELA DE MUSICA y DANZA;237163.06;223230.57
2017;1;32610;;;Servicios comple. de educación: ESCUELA DE MUSICA y DANZA;241867.81;271592.76
2018;1;32610;;;Servicios comple. de educación: ESCUELA DE MUSICA y DANZA;255895.76;310353.08
2019;1;32610;;;Servicios comple. de educación: ESCUELA DE MUSICA y DANZA;269508.47;248003.88
2020;1;32610;;;Servicios comple. de educación: ESCUELA DE MUSICA y DANZA;290949.97;258335.88
2021;1;32610;;;Servicios comple. de educación: ESCUELA DE MUSICA y DANZA;252984.5;221498.7
2022;1;32610;;;Servicios comple. de educación: ESCUELA DE MUSICA y DANZA;253444.23;295179.84
2023;1;32610;;;Servicios comple. de educación: ESCUELA DE MUSICA y DANZA;326954.48;286039.38
2024;1;32610;;;Servicios comple. de educación: ESCUELA DE MUSICA y DANZA;288510.99;251908.46
2010;1;33000;;;Administración General de Cultura;684490.61;743002.2
2011;1;33000;;;Administración General de Cultura;501819.73;549861.31
2012;1;33000;;;Administración General de Cultura;399870.08;331893.1
2013;1;33000;;;Administración General de Cultura;332907.31;343514.32
2014;1;33000;;;Administración General de Cultura;384520.82;358784.38
2015;1;33000;;;Administración General de Cultura;37195.64;38542.91
2016;1;33000;;;Administración General de Cultura;44229.47;40294.79
2017;1;33000;;;Administración General de Cultura;37465.02;36174.1
2018;1;33000;;;Administración General de Cultura;38333.1;35029.59
2019;1;33000;;;Administración General de Cultura;39539.88;34436.81
2020;1;33000;;;Administración General de Cultura;35745.49;4628.25
2021;1;33000;;;Administración General de Cultura;51932.81;21930.86
2022;1;33000;;;Administración General de Cultura;59658.15;55877.74
2023;1;33000;;;Administración General de Cultura;36335.27;28208.94
2024;1;33000;;;Administración General de Cultura;42095.61;41618.41
2010;1;33210;;;Bibliotecas públicas.;5000;4809.93
2011;1;33210;;;Bibliotecas públicas.;5000;4122.61
2012;1;33210;;;Bibliotecas públicas.;3000;3151.62
2013;1;33210;;;Bibliotecas públicas.;3000;2984.25
2014;1;33210;;;Bibliotecas públicas.;3000;3730.21
2015;1;33210;;;Bibliotecas públicas.;52900.23;26535.09
2016;1;33210;;;Bibliotecas públicas.;28304.8;26106.42
2017;1;33210;;;Bibliotecas públicas.;28055.58;27431.91
2018;1;33210;;;Bibliotecas públicas.;33036.76;27990.2
2019;1;33210;;;Bibliotecas públicas.;63059.21;31319.62
2020;1;33210;;;Bibliotecas públicas.;35679.41;32962.52
2021;1;33210;;;Bibliotecas públicas.;60206.03;31837.23
2022;1;33210;;;Bibliotecas públicas.;65689.25;30710.79
2023;1;33210;;;Bibliotecas públicas.;63009.94;32911.74
2024;1;33210;;;Bibliotecas públicas.;35628.57;29544.63
2010;1;33220;;;Archivos.;0;0
2011;1;33220;;;Archivos.;0;0
2012;1;33220;;;Archivos.;0;0
2013;1;33220;;;Archivos.;0;0
2014;1;33220;;;Archivos.;0;0
2015;1;33220;;;Archivos.;0;0
2016;1;33220;;;Archivos.;0;0
2017;1;33220;;;Archivos.;0;0
2018;1;33220;;;Archivos.;0;0
2019;1;33220;;;Archivos.;0;0
2020;1;33220;;;Archivos.;0;0
2021;1;33220;;;Archivos.;0;0
2022;1;33220;;;Archivos.;0;0
2023;1;33220;;;Archivos.;0;0
2024;1;33220;;;Archivos.;0;0
2010;1;33300;;;Museos y Artes Plásticas;29067.05;28152.5
2011;1;33300;;;Museos y Artes Plásticas;31323.73;26293.02
2012;1;33300;;;Museos y Artes Plásticas;24148.03;20137.76
2013;1;33300;;;Museos y Artes Plásticas;33500;39876.43
2014;1;33300;;;Museos y Artes Plásticas;26944.1;21914.29
2015;1;33300;;;Museos y Artes Plásticas;126445.4;120678.41
2016;1;33300;;;Museos y Artes Plásticas;134004.89;126081.26
2017;1;33300;;;Museos y Artes Plásticas;136537.38;129761.55
2018;1;33300;;;Museos y Artes Plásticas;134393.05;131272.13
2019;1;33300;;;Museos y Artes Plásticas;133716.26;149708.1
2020;1;33300;;;Museos y Artes Plásticas;121260.75;164198.75
2021;1;33300;;;Museos y Artes Plásticas;137096.36;171195.36
2022;1;33300;;;Museos y Artes Plásticas;140582.69;150361.27
2023;1;33300;;;Museos y Artes Plásticas;139384.91;141309.33
2024;1;33300;;;Museos y Artes Plásticas;139754.77;142578.57
2010;1;33310;;;Equipamientos culturales y museos: TEATRO.;0;0
2011;1;33310;;;Equipamientos culturales y museos: TEATRO.;0;0
2012;1;33310;;;Equipamientos culturales y museos: TEATRO.;0;0
2013;1;33310;;;Equipamientos culturales y museos: TEATRO.;0;0
2014;1;33310;;;Equipamientos culturales y museos: TEATRO.;0;0
2015;1;33310;;;Equipamientos culturales y museos: TEATRO.;26300;25736.11
2016;1;33310;;;Equipamientos culturales y museos: TEATRO.;28300;23584.77
2017;1;33310;;;Equipamientos culturales y museos: TEATRO.;41200;39420.58
2018;1;33310;;;Equipamientos culturales y museos: TEATRO.;33400;23074.1
2019;1;33310;;;Equipamientos culturales y museos: TEATRO.;26600;26524.35
2020;1;33310;;;Equipamientos culturales y museos: TEATRO.;25600;27498.73
2021;1;33310;;;Equipamientos culturales y museos: TEATRO.;30450;26477.36
2022;1;33310;;;Equipamientos culturales y museos: TEATRO.;51450;35659.94
2023;1;33310;;;Equipamientos culturales y museos: TEATRO.;33150;116039.77
2024;1;33310;;;Equipamientos culturales y museos: TEATRO.;42650;50434.49
2010;1;33320;;;Equipamientos culturales y museos: EL POSITO.;0;0
2011;1;33320;;;Equipamientos culturales y museos: EL POSITO.;0;0
2012;1;33320;;;Equipamientos culturales y museos: EL POSITO.;0;0
2013;1;33320;;;Equipamientos culturales y museos: EL POSITO.;0;0
2014;1;33320;;;Equipamientos culturales y museos: EL POSITO.;0;0
2015;1;33320;;;Equipamientos culturales y museos: EL POSITO.;20900;20010.87
2016;1;33320;;;Equipamientos culturales y museos: EL POSITO.;18200;14066.37
2017;1;33320;;;Equipamientos culturales y museos: EL POSITO.;19800;15812.82
2018;1;33320;;;Equipamientos culturales y museos: EL POSITO.;16700;21960.86
2019;1;33320;;;Equipamientos culturales y museos: EL POSITO.;16700;15997.44
2020;1;33320;;;Equipamientos culturales y museos: EL POSITO.;17500;18739.44
2021;1;33320;;;Equipamientos culturales y museos: EL POSITO.;18500;19191.84
2022;1;33320;;;Equipamientos culturales y museos: EL POSITO.;22037.7;30594.52
2023;1;33320;;;Equipamientos culturales y museos: EL POSITO.;24847.99;22681.4
2024;1;33320;;;Equipamientos culturales y museos: EL POSITO.;18350;13316.95
2010;1;33330;;;¿?;0;0
2011;1;33330;;;¿?;0;0
2012;1;33330;;;¿?;0;0
2013;1;33330;;;¿?;0;0
2014;1;33330;;;¿?;0;0
2015;1;33330;;;¿?;0;0
2016;1;33330;;;¿?;0;0
2017;1;33330;;;¿?;0;22861.74
2018;1;33330;;;¿?;0;0
2019;1;33330;;;¿?;0;0
2020;1;33330;;;¿?;0;0
2021;1;33330;;;¿?;0;0
2022;1;33330;;;¿?;0;0
2023;1;33330;;;¿?;0;0
2024;1;33330;;;¿?;0;0
2010;1;33400;;;Promoción cultural.;0;0
2011;1;33400;;;Promoción cultural.;0;0
2012;1;33400;;;Promoción cultural.;0;0
2013;1;33400;;;Promoción cultural.;0;0
2014;1;33400;;;Promoción cultural.;0;0
2015;1;33400;;;Promoción cultural.;83960;106064.44
2016;1;33400;;;Promoción cultural.;102810;133818.69
2017;1;33400;;;Promoción cultural.;112340;106150.13
2018;1;33400;;;Promoción cultural.;109440;137143.62
2019;1;33400;;;Promoción cultural.;112540;113227.96
2020;1;33400;;;Promoción cultural.;123600;98490.26
2021;1;33400;;;Promoción cultural.;108700;110036.36
2022;1;33400;;;Promoción cultural.;118200;122889.25
2023;1;33400;;;Promoción cultural.;120200;129571.19
2024;1;33400;;;Promoción cultural.;114900;110782.32
2010;1;33401;;;Promoción cultural: UNIVERSIDAD POPULAR.;0;0
2011;1;33401;;;Promoción cultural: UNIVERSIDAD POPULAR.;0;0
2012;1;33401;;;Promoción cultural: UNIVERSIDAD POPULAR.;0;0
2013;1;33401;;;Promoción cultural: UNIVERSIDAD POPULAR.;0;0
2014;1;33401;;;Promoción cultural: UNIVERSIDAD POPULAR.;0;0
2015;1;33401;;;Promoción cultural: UNIVERSIDAD POPULAR.;54446.13;57044.9
2016;1;33401;;;Promoción cultural: UNIVERSIDAD POPULAR.;59994.95;59134.19
2017;1;33401;;;Promoción cultural: UNIVERSIDAD POPULAR.;62055.31;69392.84
2018;1;33401;;;Promoción cultural: UNIVERSIDAD POPULAR.;66985.48;65914.58
2019;1;33401;;;Promoción cultural: UNIVERSIDAD POPULAR.;65044.72;59706.87
2020;1;33401;;;Promoción cultural: UNIVERSIDAD POPULAR.;66995.79;60310.92
2021;1;33401;;;Promoción cultural: UNIVERSIDAD POPULAR.;58997.3;58122.52
2022;1;33401;;;Promoción cultural: UNIVERSIDAD POPULAR.;65776.93;61877.3
2023;1;33401;;;Promoción cultural: UNIVERSIDAD POPULAR.;68561.08;62619.04
2024;1;33401;;;Promoción cultural: UNIVERSIDAD POPULAR.;62238.88;63748.96
2010;1;33500;;;Artes escénicas;20600;20052.36
2011;1;33500;;;Artes escénicas;27600;24862.24
2012;1;33500;;;Artes escénicas;34800;25516.27
2013;1;33500;;;Artes escénicas;29200;22835.51
2014;1;33500;;;Artes escénicas;46200;41591.7
2015;1;33500;;;Artes escénicas;0;0
2016;1;33500;;;Artes escénicas;0;0
2017;1;33500;;;Artes escénicas;0;0
2018;1;33500;;;Artes escénicas;0;0
2019;1;33500;;;Artes escénicas;0;0
2020;1;33500;;;Artes escénicas;0;0
2021;1;33500;;;Artes escénicas;0;0
2022;1;33500;;;Artes escénicas;0;0
2023;1;33500;;;Artes escénicas;0;0
2024;1;33500;;;Artes escénicas;0;0
2010;1;33600;;;Arqueología y protección del Patrimonio Histórico-Artístico;138942.17;146229.14
2011;1;33600;;;Arqueología y protección del Patrimonio Histórico-Artístico;77670.51;83044.32
2012;1;33600;;;Arqueología y protección del Patrimonio Histórico-Artístico;52870.56;42275.99
2013;1;33600;;;Arqueología y protección del Patrimonio Histórico-Artístico;42363.32;36130.86
2014;1;33600;;;Arqueología y protección del Patrimonio Histórico-Artístico;137401.72;155758.54
2015;1;33600;;;Arqueología y protección del Patrimonio Histórico-Artístico;39573.96;78526.39
2016;1;33600;;;Arqueología y protección del Patrimonio Histórico-Artístico;44857.42;47655.42
2017;1;33600;;;Arqueología y protección del Patrimonio Histórico-Artístico;59203.86;45700.41
2018;1;33600;;;Arqueología y protección del Patrimonio Histórico-Artístico;91339.62;106540.97
2019;1;33600;;;Arqueología y protección del Patrimonio Histórico-Artístico;50166.64;40659.94
2020;1;33600;;;Arqueología y protección del Patrimonio Histórico-Artístico;49140.36;114041.06
2021;1;33600;;;Arqueología y protección del Patrimonio Histórico-Artístico;53169.24;113006.25
2022;1;33600;;;Arqueología y protección del Patrimonio Histórico-Artístico;58021.23;134471.51
2023;1;33600;;;Arqueología y protección del Patrimonio Histórico-Artístico;57773.24;107940.26
2024;1;33600;;;Arqueología y protección del Patrimonio Histórico-Artístico;19400;42128.76
2010;1;33601;;;Gestión del Patrimonio Histórico-Artístico: OBRAS MEJORA CONJ.HIS;0;0
2011;1;33601;;;Gestión del Patrimonio Histórico-Artístico: OBRAS MEJORA CONJ.HIS;0;0
2012;1;33601;;;Gestión del Patrimonio Histórico-Artístico: OBRAS MEJORA CONJ.HIS;0;0
2013;1;33601;;;Gestión del Patrimonio Histórico-Artístico: OBRAS MEJORA CONJ.HIS;0;0
2014;1;33601;;;Gestión del Patrimonio Histórico-Artístico: OBRAS MEJORA CONJ.HIS;0;0
2015;1;33601;;;Gestión del Patrimonio Histórico-Artístico: OBRAS MEJORA CONJ.HIS;0;1766.6
2016;1;33601;;;Gestión del Patrimonio Histórico-Artístico: OBRAS MEJORA CONJ.HIS;10000;18366.3
2017;1;33601;;;Gestión del Patrimonio Histórico-Artístico: OBRAS MEJORA CONJ.HIS;32000;37061.01
2018;1;33601;;;Gestión del Patrimonio Histórico-Artístico: OBRAS MEJORA CONJ.HIS;25000;0
2019;1;33601;;;Gestión del Patrimonio Histórico-Artístico: OBRAS MEJORA CONJ.HIS;0;0
2020;1;33601;;;Gestión del Patrimonio Histórico-Artístico: OBRAS MEJORA CONJ.HIS;0;10218.69
2021;1;33601;;;Gestión del Patrimonio Histórico-Artístico: OBRAS MEJORA CONJ.HIS;0;0
2022;1;33601;;;Gestión del Patrimonio Histórico-Artístico: OBRAS MEJORA CONJ.HIS;0;0
2023;1;33601;;;Gestión del Patrimonio Histórico-Artístico: OBRAS MEJORA CONJ.HIS;0;0
2024;1;33601;;;Gestión del Patrimonio Histórico-Artístico: OBRAS MEJORA CONJ.HIS;0;0
2010;1;33700;;;Ocio y tiempo libre;23740;37333.46
2011;1;33700;;;Ocio y tiempo libre;23940;29626.43
2012;1;33700;;;Ocio y tiempo libre;0;0
2013;1;33700;;;Ocio y tiempo libre;0;0
2014;1;33700;;;Ocio y tiempo libre;0;7294.88
2015;1;33700;;;Ocio y tiempo libre;92145.9;87402.66
2016;1;33700;;;Ocio y tiempo libre;78018.95;74485.31
2017;1;33700;;;Ocio y tiempo libre;90864.95;97928.95
2018;1;33700;;;Ocio y tiempo libre;79698.34;83302.56
2019;1;33700;;;Ocio y tiempo libre;82310.81;75732.19
2020;1;33700;;;Ocio y tiempo libre;84412.67;85029.01
2021;1;33700;;;Ocio y tiempo libre;87126.4;82339.87
2022;1;33700;;;Ocio y tiempo libre;131914.86;97559.7
2023;1;33700;;;Ocio y tiempo libre;95502.57;125074.01
2024;1;33700;;;Ocio y tiempo libre;93200;86370.39
2010;1;33701;;;¿;0;0
2011;1;33701;;;¿;0;0
2012;1;33701;;;¿;0;0
2013;1;33701;;;¿;0;0
2014;1;33701;;;¿;0;0
2015;1;33701;;;¿;0;0
2016;1;33701;;;¿;0;0
2017;1;33701;;;¿;0;0
2018;1;33701;;;¿;0;0
2019;1;33701;;;¿;0;0
2020;1;33701;;;¿;0;0
2021;1;33701;;;¿;0;0
2022;1;33701;;;¿;2570;6400.86
2023;1;33701;;;¿;2570;0
2024;1;33701;;;¿;0;0
2010;1;33710;;;Instalaciones de ocupación del tiempo libre: CASA DE ASOC.;0;0
2011;1;33710;;;Instalaciones de ocupación del tiempo libre: CASA DE ASOC.;0;0
2012;1;33710;;;Instalaciones de ocupación del tiempo libre: CASA DE ASOC.;0;0
2013;1;33710;;;Instalaciones de ocupación del tiempo libre: CASA DE ASOC.;0;0
2014;1;33710;;;Instalaciones de ocupación del tiempo libre: CASA DE ASOC.;0;0
2015;1;33710;;;Instalaciones de ocupación del tiempo libre: CASA DE ASOC.;47415.95;81051.95
2016;1;33710;;;Instalaciones de ocupación del tiempo libre: CASA DE ASOC.;45459.03;69647.13
2017;1;33710;;;Instalaciones de ocupación del tiempo libre: CASA DE ASOC.;57546.68;108094.36
2018;1;33710;;;Instalaciones de ocupación del tiempo libre: CASA DE ASOC.;45246.68;43542.93
2019;1;33710;;;Instalaciones de ocupación del tiempo libre: CASA DE ASOC.;17200;94168.36
2020;1;33710;;;Instalaciones de ocupación del tiempo libre: CASA DE ASOC.;19200;30156.05
2021;1;33710;;;Instalaciones de ocupación del tiempo libre: CASA DE ASOC.;19200;10995.56
2022;1;33710;;;Instalaciones de ocupación del tiempo libre: CASA DE ASOC.;13700;28988.95
2023;1;33710;;;Instalaciones de ocupación del tiempo libre: CASA DE ASOC.;24700;17063.3
2024;1;33710;;;Instalaciones de ocupación del tiempo libre: CASA DE ASOC.;18700;11579.89
2010;1;33720;;;Instalaciones de ocupación del tiempo libre: AUDITORIO.;0;0
2011;1;33720;;;Instalaciones de ocupación del tiempo libre: AUDITORIO.;0;0
2012;1;33720;;;Instalaciones de ocupación del tiempo libre: AUDITORIO.;0;0
2013;1;33720;;;Instalaciones de ocupación del tiempo libre: AUDITORIO.;0;0
2014;1;33720;;;Instalaciones de ocupación del tiempo libre: AUDITORIO.;0;0
2015;1;33720;;;Instalaciones de ocupación del tiempo libre: AUDITORIO.;19900;14280.72
2016;1;33720;;;Instalaciones de ocupación del tiempo libre: AUDITORIO.;27900;35854.15
2017;1;33720;;;Instalaciones de ocupación del tiempo libre: AUDITORIO.;42400;46637.86
2018;1;33720;;;Instalaciones de ocupación del tiempo libre: AUDITORIO.;15000;25953
2019;1;33720;;;Instalaciones de ocupación del tiempo libre: AUDITORIO.;16500;17899.37
2020;1;33720;;;Instalaciones de ocupación del tiempo libre: AUDITORIO.;16500;22344.52
2021;1;33720;;;Instalaciones de ocupación del tiempo libre: AUDITORIO.;15500;103584.05
2022;1;33720;;;Instalaciones de ocupación del tiempo libre: AUDITORIO.;18500;24288.17
2023;1;33720;;;Instalaciones de ocupación del tiempo libre: AUDITORIO.;18500;39650.06
2024;1;33720;;;Instalaciones de ocupación del tiempo libre: AUDITORIO.;23500;28271.58
2010;1;33800;;;Fiestas populares y festejos;299500;270337.49
2011;1;33800;;;Fiestas populares y festejos;247500;238186.35
2012;1;33800;;;Fiestas populares y festejos;186800;175458.08
2013;1;33800;;;Fiestas populares y festejos;169500;188356.37
2014;1;33800;;;Fiestas populares y festejos;161810;204575.51
2015;1;33800;;;Fiestas populares y festejos;148002.65;215174.24
2016;1;33800;;;Fiestas populares y festejos;206166.81;248450.25
2017;1;33800;;;Fiestas populares y festejos;283286.81;295651.44
2018;1;33800;;;Fiestas populares y festejos;278900;353570.01
2019;1;33800;;;Fiestas populares y festejos;277400;295507.66
2020;1;33800;;;Fiestas populares y festejos;320100;244971.08
2021;1;33800;;;Fiestas populares y festejos;273800;248274.72
2022;1;33800;;;Fiestas populares y festejos;278800;363843.63
2023;1;33800;;;Fiestas populares y festejos;245600;244258.27
2024;1;33800;;;Fiestas populares y festejos;238800;344344.26
2010;1;33801;;;Fiestas populares y festejos: CULTURA.;0;0
2011;1;33801;;;Fiestas populares y festejos: CULTURA.;0;0
2012;1;33801;;;Fiestas populares y festejos: CULTURA.;0;0
2013;1;33801;;;Fiestas populares y festejos: CULTURA.;0;0
2014;1;33801;;;Fiestas populares y festejos: CULTURA.;0;0
2015;1;33801;;;Fiestas populares y festejos: CULTURA.;15535;8752.71
2016;1;33801;;;Fiestas populares y festejos: CULTURA.;10320;16492.03
2017;1;33801;;;Fiestas populares y festejos: CULTURA.;14000;15807.01
2018;1;33801;;;Fiestas populares y festejos: CULTURA.;27100;27639.91
2019;1;33801;;;Fiestas populares y festejos: CULTURA.;27100;24796.7
2020;1;33801;;;Fiestas populares y festejos: CULTURA.;27100;678.4
2021;1;33801;;;Fiestas populares y festejos: CULTURA.;30000;29979.98
2022;1;33801;;;Fiestas populares y festejos: CULTURA.;29000;24528.4
2023;1;33801;;;Fiestas populares y festejos: CULTURA.;25000;24870.62
2024;1;33801;;;Fiestas populares y festejos: CULTURA.;21500;20102.4
2010;1;33802;;;Fiestas populares y festejos: JUVENTUD.;0;0
2011;1;33802;;;Fiestas populares y festejos: JUVENTUD.;0;0
2012;1;33802;;;Fiestas populares y festejos: JUVENTUD.;0;0
2013;1;33802;;;Fiestas populares y festejos: JUVENTUD.;0;0
2014;1;33802;;;Fiestas populares y festejos: JUVENTUD.;0;0
2015;1;33802;;;Fiestas populares y festejos: JUVENTUD.;1550;1482.91
2016;1;33802;;;Fiestas populares y festejos: JUVENTUD.;1500;2268.75
2017;1;33802;;;Fiestas populares y festejos: JUVENTUD.;1500;4767.4
2018;1;33802;;;Fiestas populares y festejos: JUVENTUD.;4000;4000
2019;1;33802;;;Fiestas populares y festejos: JUVENTUD.;4000;5770.49
2020;1;33802;;;Fiestas populares y festejos: JUVENTUD.;4000;332.75
2021;1;33802;;;Fiestas populares y festejos: JUVENTUD.;10500;10500
2022;1;33802;;;Fiestas populares y festejos: JUVENTUD.;10000;4802.05
2023;1;33802;;;Fiestas populares y festejos: JUVENTUD.;10000;8556.59
2024;1;33802;;;Fiestas populares y festejos: JUVENTUD.;16000;10769.67
2010;1;33803;;;Fiestas populares y festejos: ¿?;0;0
2011;1;33803;;;Fiestas populares y festejos: ¿?;0;0
2012;1;33803;;;Fiestas populares y festejos: ¿?;0;0
2013;1;33803;;;Fiestas populares y festejos: ¿?;0;0
2014;1;33803;;;Fiestas populares y festejos: ¿?;0;0
2015;1;33803;;;Fiestas populares y festejos: ¿?;0;0
2016;1;33803;;;Fiestas populares y festejos: ¿?;2600;3707.05
2017;1;33803;;;Fiestas populares y festejos: ¿?;2600;2073.28
2018;1;33803;;;Fiestas populares y festejos: ¿?;4500;3915.12
2019;1;33803;;;Fiestas populares y festejos: ¿?;5000;2975.34
2020;1;33803;;;Fiestas populares y festejos: ¿?;4500;0
2021;1;33803;;;Fiestas populares y festejos: ¿?;6000;5340.13
2022;1;33803;;;Fiestas populares y festejos: ¿?;6000;5711.09
2023;1;33803;;;Fiestas populares y festejos: ¿?;6000;3103.35
2024;1;33803;;;Fiestas populares y festejos: ¿?;5000;4820.92
2010;1;33804;;;¿;0;0
2011;1;33804;;;¿;0;0
2012;1;33804;;;¿;0;0
2013;1;33804;;;¿;0;0
2014;1;33804;;;¿;0;0
2015;1;33804;;;¿;0;0
2016;1;33804;;;¿;0;0
2017;1;33804;;;¿;0;0
2018;1;33804;;;¿;0;0
2019;1;33804;;;¿;0;0
2020;1;33804;;;¿;0;0
2021;1;33804;;;¿;23600;23076.59
2022;1;33804;;;¿;30600;30464.5
2023;1;33804;;;¿;31500;32919.91
2024;1;33804;;;¿;15500;21467.28
2010;1;34000;;;Administración Gral. de Deporte;109150.89;99053.13
2011;1;34000;;;Administración Gral. de Deporte;198639.17;230333.37
2012;1;34000;;;Administración Gral. de Deporte;239768.55;213037.5
2013;1;34000;;;Administración Gral. de Deporte;239921.85;229534.09
2014;1;34000;;;Administración Gral. de Deporte;246388.4;233961.84
2015;1;34000;;;Administración Gral. de Deporte;30227.63;29841.6
2016;1;34000;;;Administración Gral. de Deporte;30953.04;28365.84
2017;1;34000;;;Administración Gral. de Deporte;30397.99;29236.3
2018;1;34000;;;Administración Gral. de Deporte;31313.14;19640.36
2019;1;34000;;;Administración Gral. de Deporte;30703.51;25487.99
2020;1;34000;;;Administración Gral. de Deporte;31478.15;33333.06
2021;1;34000;;;Administración Gral. de Deporte;31661.71;30496.85
2022;1;34000;;;Administración Gral. de Deporte;33256.35;33569.83
2023;1;34000;;;Administración Gral. de Deporte;33312.92;33759.97
2024;1;34000;;;Administración Gral. de Deporte;34558.05;27990.63
2010;1;34100;;;Promoción y fomento del deporte;179400;170888.11
2011;1;34100;;;Promoción y fomento del deporte;205100;182444.77
2012;1;34100;;;Promoción y fomento del deporte;134802;121077.44
2013;1;34100;;;Promoción y fomento del deporte;142500;155074.25
2014;1;34100;;;Promoción y fomento del deporte;143550;183460.44
2015;1;34100;;;Promoción y fomento del deporte;146080;131515.75
2016;1;34100;;;Promoción y fomento del deporte;155950;138176.4
2017;1;34100;;;Promoción y fomento del deporte;141770;137659.66
2018;1;34100;;;Promoción y fomento del deporte;143770;146581.73
2019;1;34100;;;Promoción y fomento del deporte;164770;150222.11
2020;1;34100;;;Promoción y fomento del deporte;179555;142788.39
2021;1;34100;;;Promoción y fomento del deporte;160800;137301.29
2022;1;34100;;;Promoción y fomento del deporte;164200;172764.41
2023;1;34100;;;Promoción y fomento del deporte;165900;193289.49
2024;1;34100;;;Promoción y fomento del deporte;160300;151184.06
2010;1;34200;;;Instalaciones deportivas;851060.82;889393.12
2011;1;34200;;;Instalaciones deportivas;521880;286398
2012;1;34200;;;Instalaciones deportivas;255700;195475.46
2013;1;34200;;;Instalaciones deportivas;238900;230792.25
2014;1;34200;;;Instalaciones deportivas;255952;207584.29
2015;1;34200;;;Instalaciones deportivas;416148.07;402778.35
2016;1;34200;;;Instalaciones deportivas;443016.44;418540.76
2017;1;34200;;;Instalaciones deportivas;428815.71;430596.47
2018;1;34200;;;Instalaciones deportivas;462165.98;485017.17
2019;1;34200;;;Instalaciones deportivas;442255.31;698001.09
2020;1;34200;;;Instalaciones deportivas;463884.71;552382.27
2021;1;34200;;;Instalaciones deportivas;478054.28;574404.52
2022;1;34200;;;Instalaciones deportivas;470080.17;688327.47
2023;1;34200;;;Instalaciones deportivas;478620.8;716854.66
2024;1;34200;;;Instalaciones deportivas;579851.89;690920.19
2010;1;41000;;;Adm. Gral. de Agricultura, Ganadería y Pesca;93850.03;1016649.63
2011;1;41000;;;Adm. Gral. de Agricultura, Ganadería y Pesca;131100.03;113845.45
2012;1;41000;;;Adm. Gral. de Agricultura, Ganadería y Pesca;92709.81;86878.04
2013;1;41000;;;Adm. Gral. de Agricultura, Ganadería y Pesca;93228.75;85262.84
2014;1;41000;;;Adm. Gral. de Agricultura, Ganadería y Pesca;91776.9;87615.18
2015;1;41000;;;Adm. Gral. de Agricultura, Ganadería y Pesca;93194.66;90360.94
2016;1;41000;;;Adm. Gral. de Agricultura, Ganadería y Pesca;125997.58;108967.68
2017;1;41000;;;Adm. Gral. de Agricultura, Ganadería y Pesca;155028.83;117517.54
2018;1;41000;;;Adm. Gral. de Agricultura, Ganadería y Pesca;140285.98;151354.54
2019;1;41000;;;Adm. Gral. de Agricultura, Ganadería y Pesca;172844.21;146865.22
2020;1;41000;;;Adm. Gral. de Agricultura, Ganadería y Pesca;173016.62;148870.12
2021;1;41000;;;Adm. Gral. de Agricultura, Ganadería y Pesca;163365.11;155486.25
2022;1;41000;;;Adm. Gral. de Agricultura, Ganadería y Pesca;192221.85;192251.14
2023;1;41000;;;Adm. Gral. de Agricultura, Ganadería y Pesca;167105.74;171014.84
2024;1;41000;;;Adm. Gral. de Agricultura, Ganadería y Pesca;172313.49;166003.59
2010;1;41900;;;Otras actuaciones en agricultura, ganadería y pesca.;0;0
2011;1;41900;;;Otras actuaciones en agricultura, ganadería y pesca.;0;0
2012;1;41900;;;Otras actuaciones en agricultura, ganadería y pesca.;0;0
2013;1;41900;;;Otras actuaciones en agricultura, ganadería y pesca.;0;0
2014;1;41900;;;Otras actuaciones en agricultura, ganadería y pesca.;0;0
2015;1;41900;;;Otras actuaciones en agricultura, ganadería y pesca.;2200;2196.01
2016;1;41900;;;Otras actuaciones en agricultura, ganadería y pesca.;2200;2415.01
2017;1;41900;;;Otras actuaciones en agricultura, ganadería y pesca.;2200;0
2018;1;41900;;;Otras actuaciones en agricultura, ganadería y pesca.;2500;4135.37
2019;1;41900;;;Otras actuaciones en agricultura, ganadería y pesca.;2650;1720.36
2020;1;41900;;;Otras actuaciones en agricultura, ganadería y pesca.;2650;2124.55
2021;1;41900;;;Otras actuaciones en agricultura, ganadería y pesca.;2650;1699.64
2022;1;41900;;;Otras actuaciones en agricultura, ganadería y pesca.;2650;1699.64
2023;1;41900;;;Otras actuaciones en agricultura, ganadería y pesca.;1800;1642.76
2024;1;41900;;;Otras actuaciones en agricultura, ganadería y pesca.;1800;1642.76
2010;1;43100;;;Comercio  ;0;0
2011;1;43100;;;Comercio  ;0;0
2012;1;43100;;;Comercio  ;0;0
2013;1;43100;;;Comercio  ;0;0
2014;1;43100;;;Comercio  ;0;0
2015;1;43100;;;Comercio  ;0;0
2016;1;43100;;;Comercio  ;0;0
2017;1;43100;;;Comercio  ;0;0
2018;1;43100;;;Comercio  ;0;0
2019;1;43100;;;Comercio  ;0;0
2020;1;43100;;;Comercio  ;0;0
2021;1;43100;;;Comercio  ;0;0
2022;1;43100;;;Comercio  ;0;0
2023;1;43100;;;Comercio  ;0;0
2024;1;43100;;;Comercio  ;0;0
2010;1;43110;;;Ferias.;0;0
2011;1;43110;;;Ferias.;0;0
2012;1;43110;;;Ferias.;0;0
2013;1;43110;;;Ferias.;0;0
2014;1;43110;;;Ferias.;0;0
2015;1;43110;;;Ferias.;2350;3216.87
2016;1;43110;;;Ferias.;6300;788.14
2017;1;43110;;;Ferias.;6400;2833.72
2018;1;43110;;;Ferias.;900;738.2
2019;1;43110;;;Ferias.;900;1000
2020;1;43110;;;Ferias.;1000;1000
2021;1;43110;;;Ferias.;1000;0
2022;1;43110;;;Ferias.;0;0
2023;1;43110;;;Ferias.;0;0
2024;1;43110;;;Ferias.;0;0
2010;1;43130;;;Comercio ambulante.;0;0
2011;1;43130;;;Comercio ambulante.;0;0
2012;1;43130;;;Comercio ambulante.;0;0
2013;1;43130;;;Comercio ambulante.;0;0
2014;1;43130;;;Comercio ambulante.;0;0
2015;1;43130;;;Comercio ambulante.;8599.22;7186.69
2016;1;43130;;;Comercio ambulante.;7831.89;6777.68
2017;1;43130;;;Comercio ambulante.;7772.89;7075.67
2018;1;43130;;;Comercio ambulante.;7921.99;7171.63
2019;1;43130;;;Comercio ambulante.;8107.27;6640.08
2020;1;43130;;;Comercio ambulante.;8063.46;8314.63
2021;1;43130;;;Comercio ambulante.;7958.32;7845.2
2022;1;43130;;;Comercio ambulante.;8095.14;8132.85
2023;1;43130;;;Comercio ambulante.;8540.62;8264.72
2024;1;43130;;;Comercio ambulante.;8863.51;8462.48
2010;1;43200;;;Ordenación y promoción turística;89087;137967.2
2011;1;43200;;;Ordenación y promoción turística;72587;132576.54
2012;1;43200;;;Ordenación y promoción turística;50044.38;70131.45
2013;1;43200;;;Ordenación y promoción turística;53000;98492.53
2014;1;43200;;;Ordenación y promoción turística;73557.43;31705.9
2015;1;43200;;;Ordenación y promoción turística;119981.6;119347.25
2016;1;43200;;;Ordenación y promoción turística;123444.9;101575.37
2017;1;43200;;;Ordenación y promoción turística;93582.46;59705.65
2018;1;43200;;;Ordenación y promoción turística;75795.9;59730.66
2019;1;43200;;;Ordenación y promoción turística;80068.76;93694.03
2020;1;43200;;;Ordenación y promoción turística;105434.93;111488.52
2021;1;43200;;;Ordenación y promoción turística;98076.04;186884.41
2022;1;43200;;;Ordenación y promoción turística;67331.94;79089.41
2023;1;43200;;;Ordenación y promoción turística;65792.77;71439.34
2024;1;43200;;;Ordenación y promoción turística;89430.56;91733.17
2010;1;43201;;;Ordenación y promoción turística;0;0
2011;1;43201;;;Ordenación y promoción turística;0;0
2012;1;43201;;;Ordenación y promoción turística;0;0
2013;1;43201;;;Ordenación y promoción turística;12000;14559.53
2014;1;43201;;;Ordenación y promoción turística;13400;18882.78
2015;1;43201;;;Ordenación y promoción turística;12500;14205.75
2016;1;43201;;;Ordenación y promoción turística;16900;18775.97
2017;1;43201;;;Ordenación y promoción turística;16200;16049.62
2018;1;43201;;;Ordenación y promoción turística;16700;20044.36
2019;1;43201;;;Ordenación y promoción turística;16700;11423.39
2020;1;43201;;;Ordenación y promoción turística;25000;5715.94
2021;1;43201;;;Ordenación y promoción turística;32500;20234.94
2022;1;43201;;;Ordenación y promoción turística;28500;12967.24
2023;1;43201;;;Ordenación y promoción turística;20500;23096.25
2024;1;43201;;;Ordenación y promoción turística;29500;5304.35
2010;1;43202;;;Ordenación y promoción turística (FIM);0;0
2011;1;43202;;;Ordenación y promoción turística (FIM);0;0
2012;1;43202;;;Ordenación y promoción turística (FIM);0;0
2013;1;43202;;;Ordenación y promoción turística (FIM);0;0
2014;1;43202;;;Ordenación y promoción turística (FIM);30000;77517.18
2015;1;43202;;;Ordenación y promoción turística (FIM);14550;52332.11
2016;1;43202;;;Ordenación y promoción turística (FIM);35200;68749.62
2017;1;43202;;;Ordenación y promoción turística (FIM);36200;39064.07
2018;1;43202;;;Ordenación y promoción turística (FIM);52000;77617
2019;1;43202;;;Ordenación y promoción turística (FIM);11000;6866.87
2020;1;43202;;;Ordenación y promoción turística (FIM);0;0
2021;1;43202;;;Ordenación y promoción turística (FIM);0;0
2022;1;43202;;;Ordenación y promoción turística (FIM);0;0
2023;1;43202;;;Ordenación y promoción turística (FIM);0;0
2024;1;43202;;;Ordenación y promoción turística (FIM);0;0
2010;1;43203;;1;Curso promoción turística local;0;0
2011;1;43203;;1;Curso promoción turística local;0;0
2012;1;43203;;1;Curso promoción turística local;0;0
2013;1;43203;;1;Curso promoción turística local;0;13308.92
2014;1;43203;;1;Curso promoción turística local;0;43107.96
2015;1;43203;;1;Curso promoción turística local;0;0
2016;1;43203;;1;Curso promoción turística local;15000;12190.98
2017;1;43203;;1;Curso promoción turística local;25000;202972.18
2018;1;43203;;1;Curso promoción turística local;0;6867.84
2019;1;43203;;1;Curso promoción turística local;0;0
2020;1;43203;;1;Curso promoción turística local;0;0
2021;1;43203;;1;Curso promoción turística local;0;0
2022;1;43203;;1;Curso promoción turística local;0;0
2023;1;43203;;1;Curso promoción turística local;0;0
2024;1;43203;;1;Curso promoción turística local;0;0
2010;1;43203;;1;Promoción del turismo;89087;137967.2
2011;1;43203;;1;Promoción del turismo;72587;132576.54
2012;1;43203;;1;Promoción del turismo;50044.38;70131.45
2013;1;43203;;1;Promoción del turismo;65000;126360.98
2014;1;43203;;1;Promoción del turismo;116957.43;171213.82
2015;1;43203;;1;Promoción del turismo;147031.6;185885.11
2016;1;43203;;1;Promoción del turismo;190544.9;201291.94
2017;1;43203;;1;Promoción del turismo;170982.46;317791.52
2018;1;43203;;1;Promoción del turismo;144495.9;164259.86
2019;1;43203;;1;Promoción del turismo;107768.76;111984.29
2020;1;43203;;1;Promoción del turismo;130434.93;117204.46
2021;1;43203;;1;Promoción del turismo;130576.04;207119.35
2022;1;43203;;1;Promoción del turismo;95831.94;92056.65
2023;1;43203;;1;Promoción del turismo;86292.77;94535.59
2024;1;43203;;1;Promoción del turismo;118930.56;97037.52
2010;1;43204;;1;Información y promoción turística;0;0
2011;1;43204;;1;Información y promoción turística;0;0
2012;1;43204;;1;Información y promoción turística;0;0
2013;1;43204;;1;Información y promoción turística;0;0
2014;1;43204;;1;Información y promoción turística;0;0
2015;1;43204;;1;Información y promoción turística;0;0
2016;1;43204;;1;Información y promoción turística;0;0
2017;1;43204;;1;Información y promoción turística;0;0
2018;1;43204;;1;Información y promoción turística;0;0
2019;1;43204;;1;Información y promoción turística;0;0
2020;1;43204;;1;Información y promoción turística;0;6750.69
2021;1;43204;;1;Información y promoción turística;0;21140.48
2022;1;43204;;1;Información y promoción turística;0;413072.57
2023;1;43204;;1;Información y promoción turística;70000;397476.43
2024;1;43204;;1;Información y promoción turística;0;0
2010;1;43205;;1;¿;0;0
2011;1;43205;;1;¿;0;0
2012;1;43205;;1;¿;0;0
2013;1;43205;;1;¿;0;0
2014;1;43205;;1;¿;0;0
2015;1;43205;;1;¿;0;0
2016;1;43205;;1;¿;0;0
2017;1;43205;;1;¿;0;0
2018;1;43205;;1;¿;0;0
2019;1;43205;;1;¿;0;0
2020;1;43205;;1;¿;0;0
2021;1;43205;;1;¿;0;0
2022;1;43205;;1;¿;63000;0
2023;1;43205;;1;¿;0;0
2024;1;43205;;1;¿;0;0
2010;1;43206;;1;¿;0;0
2011;1;43206;;1;¿;0;0
2012;1;43206;;1;¿;0;0
2013;1;43206;;1;¿;0;0
2014;1;43206;;1;¿;0;0
2015;1;43206;;1;¿;0;0
2016;1;43206;;1;¿;0;0
2017;1;43206;;1;¿;0;0
2018;1;43206;;1;¿;0;0
2019;1;43206;;1;¿;0;0
2020;1;43206;;1;¿;0;0
2021;1;43206;;1;¿;0;0
2022;1;43206;;1;¿;190000;3630
2023;1;43206;;1;¿;0;180258.93
2024;1;43206;;1;¿;0;0
2010;1;43207;;1;¿;0;0
2011;1;43207;;1;¿;0;0
2012;1;43207;;1;¿;0;0
2013;1;43207;;1;¿;0;0
2014;1;43207;;1;¿;0;0
2015;1;43207;;1;¿;0;0
2016;1;43207;;1;¿;0;0
2017;1;43207;;1;¿;0;0
2018;1;43207;;1;¿;0;0
2019;1;43207;;1;¿;0;0
2020;1;43207;;1;¿;0;0
2021;1;43207;;1;¿;0;0
2022;1;43207;;1;¿;0;12900.52
2023;1;43207;;1;¿;0;207781.36
2024;1;43207;;1;¿;0;11318.07
2010;1;43208;;1;¿;0;0
2011;1;43208;;1;¿;0;0
2012;1;43208;;1;¿;0;0
2013;1;43208;;1;¿;0;0
2014;1;43208;;1;¿;0;0
2015;1;43208;;1;¿;0;0
2016;1;43208;;1;¿;0;0
2017;1;43208;;1;¿;0;0
2018;1;43208;;1;¿;0;0
2019;1;43208;;1;¿;0;0
2020;1;43208;;1;¿;0;0
2021;1;43208;;1;¿;0;0
2022;1;43208;;1;¿;0;110733.37
2023;1;43208;;1;¿;50000;72702.61
2024;1;43208;;1;¿;50000;242932.14
2010;1;43209;;1;¿;0;0
2011;1;43209;;1;¿;0;0
2012;1;43209;;1;¿;0;0
2013;1;43209;;1;¿;0;0
2014;1;43209;;1;¿;0;0
2015;1;43209;;1;¿;0;0
2016;1;43209;;1;¿;0;0
2017;1;43209;;1;¿;0;0
2018;1;43209;;1;¿;0;0
2019;1;43209;;1;¿;0;0
2020;1;43209;;1;¿;0;0
2021;1;43209;;1;¿;0;0
2022;1;43209;;1;¿;0;14161.47
2023;1;43209;;1;¿;0;31011.85
2024;1;43209;;1;¿;0;58267.94
2010;1;43210;;1;¿;0;0
2011;1;43210;;1;¿;0;0
2012;1;43210;;1;¿;0;0
2013;1;43210;;1;¿;0;0
2014;1;43210;;1;¿;0;0
2015;1;43210;;1;¿;0;0
2016;1;43210;;1;¿;0;0
2017;1;43210;;1;¿;0;0
2018;1;43210;;1;¿;0;0
2019;1;43210;;1;¿;0;0
2020;1;43210;;1;¿;0;0
2021;1;43210;;1;¿;0;0
2022;1;43210;;1;¿;0;55005.68
2023;1;43210;;1;¿;42000;181092.59
2024;1;43210;;1;¿;42000;162554.37
2010;1;43211;;1;¿;0;0
2011;1;43211;;1;¿;0;0
2012;1;43211;;1;¿;0;0
2013;1;43211;;1;¿;0;0
2014;1;43211;;1;¿;0;0
2015;1;43211;;1;¿;0;0
2016;1;43211;;1;¿;0;0
2017;1;43211;;1;¿;0;0
2018;1;43211;;1;¿;0;0
2019;1;43211;;1;¿;0;0
2020;1;43211;;1;¿;0;0
2021;1;43211;;1;¿;0;0
2022;1;43211;;1;¿;0;38123.71
2023;1;43211;;1;¿;0;73970.08
2024;1;43211;;1;¿;0;30323.85
2010;1;43300;;;Desarrollo empresarial;58291;87359.82
2011;1;43300;;;Desarrollo empresarial;53740.01;40584.41
2012;1;43300;;;Desarrollo empresarial;45640;24574.27
2013;1;43300;;;Desarrollo empresarial;46042;76079.21
2014;1;43300;;;Desarrollo empresarial;75592;69077.99
2015;1;43300;;;Desarrollo empresarial;82437.92;112031.73
2016;1;43300;;;Desarrollo empresarial;67428.21;100798.56
2017;1;43300;;;Desarrollo empresarial;112171.23;79786.93
2018;1;43300;;;Desarrollo empresarial;103781.23;77211.44
2019;1;43300;;;Desarrollo empresarial;80511.29;52381.23
2020;1;43300;;;Desarrollo empresarial;86716.72;134016.46
2021;1;43300;;;Desarrollo empresarial;96724.5;79809.14
2022;1;43300;;;Desarrollo empresarial;84076.06;93082.07
2023;1;43300;;;Desarrollo empresarial;49868.8;43642.39
2024;1;43300;;;Desarrollo empresarial;47113.7;44907.37
2010;1;43301;;;Plan Genera;0;0
2011;1;43301;;;Plan Genera;0;0
2012;1;43301;;;Plan Genera;0;0
2013;1;43301;;;Plan Genera;0;0
2014;1;43301;;;Plan Genera;0;0
2015;1;43301;;;Plan Genera;0;0
2016;1;43301;;;Plan Genera;0;0
2017;1;43301;;;Plan Genera;0;19163.38
2018;1;43301;;;Plan Genera;35123;244549.72
2019;1;43301;;;Plan Genera;11000;0
2020;1;43301;;;Plan Genera;11000;0
2021;1;43301;;;Plan Genera;0;0
2022;1;43301;;;Plan Genera;0;0
2023;1;43301;;;Plan Genera;0;0
2024;1;43301;;;Plan Genera;0;0
2010;1;43302;;;Desarrollo empresarial: ESCUELA DE CATADORES;0;0
2011;1;43302;;;Desarrollo empresarial: ESCUELA DE CATADORES;0;0
2012;1;43302;;;Desarrollo empresarial: ESCUELA DE CATADORES;0;0
2013;1;43302;;;Desarrollo empresarial: ESCUELA DE CATADORES;0;0
2014;1;43302;;;Desarrollo empresarial: ESCUELA DE CATADORES;0;0
2015;1;43302;;;Desarrollo empresarial: ESCUELA DE CATADORES;0;0
2016;1;43302;;;Desarrollo empresarial: ESCUELA DE CATADORES;0;0
2017;1;43302;;;Desarrollo empresarial: ESCUELA DE CATADORES;0;0
2018;1;43302;;;Desarrollo empresarial: ESCUELA DE CATADORES;57784.63;65695.31
2019;1;43302;;;Desarrollo empresarial: ESCUELA DE CATADORES;55442.63;50801.1
2020;1;43302;;;Desarrollo empresarial: ESCUELA DE CATADORES;57284.71;24474.35
2021;1;43302;;;Desarrollo empresarial: ESCUELA DE CATADORES;46000;18812.16
2022;1;43302;;;Desarrollo empresarial: ESCUELA DE CATADORES;37000;14099.33
2023;1;43302;;;Desarrollo empresarial: ESCUELA DE CATADORES;24500;14314.95
2024;1;43302;;;Desarrollo empresarial: ESCUELA DE CATADORES;13000;12073.6
2010;1;43303;;;Desarrollo empresarial: ITECAM;0;0
2011;1;43303;;;Desarrollo empresarial: ITECAM;0;0
2012;1;43303;;;Desarrollo empresarial: ITECAM;0;0
2013;1;43303;;;Desarrollo empresarial: ITECAM;0;0
2014;1;43303;;;Desarrollo empresarial: ITECAM;0;0
2015;1;43303;;;Desarrollo empresarial: ITECAM;0;0
2016;1;43303;;;Desarrollo empresarial: ITECAM;0;0
2017;1;43303;;;Desarrollo empresarial: ITECAM;0;0
2018;1;43303;;;Desarrollo empresarial: ITECAM;0;11765.67
2019;1;43303;;;Desarrollo empresarial: ITECAM;18000;13158.78
2020;1;43303;;;Desarrollo empresarial: ITECAM;0;0
2021;1;43303;;;Desarrollo empresarial: ITECAM;0;0
2022;1;43303;;;Desarrollo empresarial: ITECAM;0;0
2023;1;43303;;;Desarrollo empresarial: ITECAM;0;0
2024;1;43303;;;Desarrollo empresarial: ITECAM;0;0
2010;1;43304;;;¿;0;0
2011;1;43304;;;¿;0;0
2012;1;43304;;;¿;0;0
2013;1;43304;;;¿;0;0
2014;1;43304;;;¿;0;0
2015;1;43304;;;¿;0;0
2016;1;43304;;;¿;0;0
2017;1;43304;;;¿;0;0
2018;1;43304;;;¿;0;0
2019;1;43304;;;¿;0;0
2020;1;43304;;;¿;0;0
2021;1;43304;;;¿;0;24999.81
2022;1;43304;;;¿;0;0
2023;1;43304;;;¿;0;0
2024;1;43304;;;¿;0;0
2010;1;44100;;;Promoción, mantenimiento y desarrollo del transporte;16500;95834.55
2011;1;44100;;;Promoción, mantenimiento y desarrollo del transporte;26500;34472.5
2012;1;44100;;;Promoción, mantenimiento y desarrollo del transporte;39400;34387.21
2013;1;44100;;;Promoción, mantenimiento y desarrollo del transporte;51638;51920.11
2014;1;44100;;;Promoción, mantenimiento y desarrollo del transporte;52600;49940.51
2015;1;44100;;;Promoción, mantenimiento y desarrollo del transporte;0;0
2016;1;44100;;;Promoción, mantenimiento y desarrollo del transporte;0;0
2017;1;44100;;;Promoción, mantenimiento y desarrollo del transporte;0;0
2018;1;44100;;;Promoción, mantenimiento y desarrollo del transporte;0;0
2019;1;44100;;;Promoción, mantenimiento y desarrollo del transporte;0;0
2020;1;44100;;;Promoción, mantenimiento y desarrollo del transporte;0;0
2021;1;44100;;;Promoción, mantenimiento y desarrollo del transporte;0;0
2022;1;44100;;;Promoción, mantenimiento y desarrollo del transporte;0;0
2023;1;44100;;;Promoción, mantenimiento y desarrollo del transporte;0;0
2024;1;44100;;;Promoción, mantenimiento y desarrollo del transporte;0;0
2010;1;44110;;;Transporte colectivo urbano de viajeros.;0;0
2011;1;44110;;;Transporte colectivo urbano de viajeros.;0;0
2012;1;44110;;;Transporte colectivo urbano de viajeros.;0;0
2013;1;44110;;;Transporte colectivo urbano de viajeros.;0;0
2014;1;44110;;;Transporte colectivo urbano de viajeros.;0;0
2015;1;44110;;;Transporte colectivo urbano de viajeros.;18200;17926.61
2016;1;44110;;;Transporte colectivo urbano de viajeros.;18200;16403.67
2017;1;44110;;;Transporte colectivo urbano de viajeros.;18200;19843.86
2018;1;44110;;;Transporte colectivo urbano de viajeros.;20300;18811.47
2019;1;44110;;;Transporte colectivo urbano de viajeros.;20300;17036.86
2020;1;44110;;;Transporte colectivo urbano de viajeros.;20300;20736.83
2021;1;44110;;;Transporte colectivo urbano de viajeros.;20300;19841.5
2022;1;44110;;;Transporte colectivo urbano de viajeros.;20300;18392.95
2023;1;44110;;;Transporte colectivo urbano de viajeros.;20300;16666.1
2024;1;44110;;;Transporte colectivo urbano de viajeros.;19000;18181.2
2010;1;44200;;;Infraestructuras del transporte.;0;0
2011;1;44200;;;Infraestructuras del transporte.;0;0
2012;1;44200;;;Infraestructuras del transporte.;0;0
2013;1;44200;;;Infraestructuras del transporte.;0;0
2014;1;44200;;;Infraestructuras del transporte.;0;0
2015;1;44200;;;Infraestructuras del transporte.;35970;34774.94
2016;1;44200;;;Infraestructuras del transporte.;36010;33680.34
2017;1;44200;;;Infraestructuras del transporte.;34010;32610.24
2018;1;44200;;;Infraestructuras del transporte.;34010;21500.02
2019;1;44200;;;Infraestructuras del transporte.;20550;10318.13
2020;1;44200;;;Infraestructuras del transporte.;14550;5440.6
2021;1;44200;;;Infraestructuras del transporte.;10550;832.16
2022;1;44200;;;Infraestructuras del transporte.;10550;2045.35
2023;1;44200;;;Infraestructuras del transporte.;8650;6704.82
2024;1;44200;;;Infraestructuras del transporte.;8404;8071.88
2010;1;45200;;;Recursos Hidraulicos;9705.72;9705.72
2011;1;45200;;;Recursos Hidraulicos;0;0
2012;1;45200;;;Recursos Hidraulicos;0;0
2013;1;45200;;;Recursos Hidraulicos;0;0
2014;1;45200;;;Recursos Hidraulicos;0;0
2015;1;45200;;;Recursos Hidraulicos;0;0
2016;1;45200;;;Recursos Hidraulicos;0;0
2017;1;45200;;;Recursos Hidraulicos;0;0
2018;1;45200;;;Recursos Hidraulicos;0;0
2019;1;45200;;;Recursos Hidraulicos;0;0
2020;1;45200;;;Recursos Hidraulicos;0;0
2021;1;45200;;;Recursos Hidraulicos;0;0
2022;1;45200;;;Recursos Hidraulicos;0;0
2023;1;45200;;;Recursos Hidraulicos;0;0
2024;1;45200;;;Recursos Hidraulicos;0;0
2010;1;45400;;;Caminos vecinales;104888.74;101827.1
2011;1;45400;;;Caminos vecinales;97888.74;123623.82
2012;1;45400;;;Caminos vecinales;74600;75876.53
2013;1;45400;;;Caminos vecinales;87800;71507.76
2014;1;45400;;;Caminos vecinales;88600;88113.81
2015;1;45400;;;Caminos vecinales;69320;146215.37
2016;1;45400;;;Caminos vecinales;88050;81425.42
2017;1;45400;;;Caminos vecinales;88020.73;91871.33
2018;1;45400;;;Caminos vecinales;87050;123121.67
2019;1;45400;;;Caminos vecinales;92850;92752.71
2020;1;45400;;;Caminos vecinales;95850;119756.59
2021;1;45400;;;Caminos vecinales;95950;111326.65
2022;1;45400;;;Caminos vecinales;105140.19;119527.76
2023;1;45400;;;Caminos vecinales;108827.68;123979.41
2024;1;45400;;;Caminos vecinales;106340;133134.82
2010;1;49100;;;Sociedad de la información;67215.3;65583.06
2011;1;49100;;;Sociedad de la información;95650.21;157683.66
2012;1;49100;;;Sociedad de la información;94733.52;97028.28
2013;1;49100;;;Sociedad de la información;117181.85;113011.33
2014;1;49100;;;Sociedad de la información;119263.33;125761.21
2015;1;49100;;;Sociedad de la información;116640.92;115101.44
2016;1;49100;;;Sociedad de la información;118777.92;114881.64
2017;1;49100;;;Sociedad de la información;124058.07;125467.33
2018;1;49100;;;Sociedad de la información;124567.84;123621.45
2019;1;49100;;;Sociedad de la información;127313.23;119122.53
2020;1;49100;;;Sociedad de la información;107890.09;110358.45
2021;1;49100;;;Sociedad de la información;102102.52;89936.65
2022;1;49100;;;Sociedad de la información;113923.48;112461.56
2023;1;49100;;;Sociedad de la información;97485.93;106943.13
2024;1;49100;;;Sociedad de la información;118541.34;113358.15
2010;1;49200;;;Gestión del conocimiento;0;0
2011;1;49200;;;Gestión del conocimiento;0;0
2012;1;49200;;;Gestión del conocimiento;0;0
2013;1;49200;;;Gestión del conocimiento;0;0
2014;1;49200;;;Gestión del conocimiento;0;36345.98
2015;1;49200;;;Gestión del conocimiento;0;11232.64
2016;1;49200;;;Gestión del conocimiento;0;6823.12
2017;1;49200;;;Gestión del conocimiento;10000;10167.62
2018;1;49200;;;Gestión del conocimiento;15000;9609.03
2019;1;49200;;;Gestión del conocimiento;3000;2742.47
2020;1;49200;;;Gestión del conocimiento;0;0
2021;1;49200;;;Gestión del conocimiento;0;9714.34
2022;1;49200;;;Gestión del conocimiento;0;0
2023;1;49200;;;Gestión del conocimiento;0;0
2024;1;49200;;;Gestión del conocimiento;0;0
2010;1;49201;;;¿;0;0
2011;1;49201;;;¿;0;0
2012;1;49201;;;¿;0;0
2013;1;49201;;;¿;0;0
2014;1;49201;;;¿;0;0
2015;1;49201;;;¿;0;0
2016;1;49201;;;¿;0;0
2017;1;49201;;;¿;0;0
2018;1;49201;;;¿;0;0
2019;1;49201;;;¿;0;0
2020;1;49201;;;¿;0;0
2021;1;49201;;;¿;0;8514.63
2022;1;49201;;;¿;0;40433.48
2023;1;49201;;;¿;0;24378.75
2024;1;49201;;;¿;504;19941.16
2010;1;49300;;;Oficinal de defensa del consumidor;500;19283.39
2011;1;49300;;;Oficinal de defensa del consumidor;3250;5282.68
2012;1;49300;;;Oficinal de defensa del consumidor;4050;3772.78
2013;1;49300;;;Oficinal de defensa del consumidor;4300;4206.38
2014;1;49300;;;Oficinal de defensa del consumidor;5400;6275.11
2015;1;49300;;;Oficinal de defensa del consumidor;35896.81;36003.53
2016;1;49300;;;Oficinal de defensa del consumidor;35428.07;32833.37
2017;1;49300;;;Oficinal de defensa del consumidor;29591.51;28573.99
2018;1;49300;;;Oficinal de defensa del consumidor;32246.74;29175.21
2019;1;49300;;;Oficinal de defensa del consumidor;30929.1;27094.52
2020;1;49300;;;Oficinal de defensa del consumidor;32753.85;33672.03
2021;1;49300;;;Oficinal de defensa del consumidor;32333.22;31604.21
2022;1;49300;;;Oficinal de defensa del consumidor;32377.36;32622.63
2023;1;49300;;;Oficinal de defensa del consumidor;34662.5;33153.61
2024;1;49300;;;Oficinal de defensa del consumidor;35090.36;34053.51
2010;1;91200;;;Órganos de gobierno;248313.62;224192.52
2011;1;91200;;;Órganos de gobierno;233146.45;239419.73
2012;1;91200;;;Órganos de gobierno;232893.16;213122.77
2013;1;91200;;;Órganos de gobierno;223130.6;217026.7
2014;1;91200;;;Órganos de gobierno;222799.48;222616.99
2015;1;91200;;;Órganos de gobierno;222154.76;207229.24
2016;1;91200;;;Órganos de gobierno;202354.04;202031.34
2017;1;91200;;;Órganos de gobierno;226754.04;230336.14
2018;1;91200;;;Órganos de gobierno;216654.04;197731.94
2019;1;91200;;;Órganos de gobierno;207654.04;177683.12
2020;1;91200;;;Órganos de gobierno;275282.4;275052.79
2021;1;91200;;;Órganos de gobierno;245511.84;233135.2
2022;1;91200;;;Órganos de gobierno;234111.84;233022.4
2023;1;91200;;;Órganos de gobierno;235126.38;239263.97
2024;1;91200;;;Órganos de gobierno;249552.64;254678.9
2010;1;92000;;;Administración general;792034.88;897803.7
2011;1;92000;;;Administración general;881088.54;830204.59
2012;1;92000;;;Administración general;713323.57;616490.53
2013;1;92000;;;Administración general;758518.27;699133.08
2014;1;92000;;;Administración general;745501.94;665410.38
2015;1;92000;;;Administración general;613835.66;561779.17
2016;1;92000;;;Administración general;680465.39;578768.64
2017;1;92000;;;Administración general;772010.51;641312.72
2018;1;92000;;;Administración general;789353.44;717928.49
2019;1;92000;;;Administración general;838378.46;725731.66
2020;1;92000;;;Administración general;783519.33;846323.82
2021;1;92000;;;Administración general;851429.2;926232.73
2022;1;92000;;;Administración general;943985.69;1004028.08
2023;1;92000;;;Administración general;960651.64;853783.93
2024;1;92000;;;Administración general;930960.95;831343.3
2010;1;92200;;;Coodinación y organización institucional de las Entidades Locales;26000;25984.83
2011;1;92200;;;Coodinación y organización institucional de las Entidades Locales;31000;28958.17
2012;1;92200;;;Coodinación y organización institucional de las Entidades Locales;29000;27779.23
2013;1;92200;;;Coodinación y organización institucional de las Entidades Locales;27200;30369.43
2014;1;92200;;;Coodinación y organización institucional de las Entidades Locales;22300;28629.85
2015;1;92200;;;Coodinación y organización institucional de las Entidades Locales;20800;30842.48
2016;1;92200;;;Coodinación y organización institucional de las Entidades Locales;14000;30687.98
2017;1;92200;;;Coodinación y organización institucional de las Entidades Locales;17000;21534.46
2018;1;92200;;;Coodinación y organización institucional de las Entidades Locales;18000;39311
2019;1;92200;;;Coodinación y organización institucional de las Entidades Locales;22000;22410.74
2020;1;92200;;;Coodinación y organización institucional de las Entidades Locales;15500;10963.49
2021;1;92200;;;Coodinación y organización institucional de las Entidades Locales;15500;15480.12
2022;1;92200;;;Coodinación y organización institucional de las Entidades Locales;15500;15381.31
2023;1;92200;;;Coodinación y organización institucional de las Entidades Locales;13500;13491.68
2024;1;92200;;;Coodinación y organización institucional de las Entidades Locales;14300;17640.71
2010;1;92400;;;Participación ciudadana;142466.7;261469.3
2011;1;92400;;;Participación ciudadana;175094.86;415189.07
2012;1;92400;;;Participación ciudadana;118866.2;127283.75
2013;1;92400;;;Participación ciudadana;73866.2;96717.53
2014;1;92400;;;Participación ciudadana;111076.87;90527.97
2015;1;92400;;;Participación ciudadana;10000;4094.39
2016;1;92400;;;Participación ciudadana;10000;3498.78
2017;1;92400;;;Participación ciudadana;10000;4655.96
2018;1;92400;;;Participación ciudadana;9400;5658.55
2019;1;92400;;;Participación ciudadana;20000;11239.74
2020;1;92400;;;Participación ciudadana;7000;6435.53
2021;1;92400;;;Participación ciudadana;6500;4911.14
2022;1;92400;;;Participación ciudadana;5000;4695
2023;1;92400;;;Participación ciudadana;5000;1572.04
2024;1;92400;;;Participación ciudadana;25000;25388.62
2010;1;92401;;1;"Participación ciudadana-JUVENTUD Y CENTRO ""MATA""";17745.47;16351.76
2011;1;92401;;1;"Participación ciudadana-JUVENTUD Y CENTRO ""MATA""";17745.47;16531.33
2012;1;92401;;1;"Participación ciudadana-JUVENTUD Y CENTRO ""MATA""";0;0
2013;1;92401;;1;"Participación ciudadana-JUVENTUD Y CENTRO ""MATA""";62003.08;38980.18
2014;1;92401;;1;"Participación ciudadana-JUVENTUD Y CENTRO ""MATA""";39750;65016.21
2015;1;92401;;1;"Participación ciudadana-JUVENTUD Y CENTRO ""MATA""";6000;17399.72
2016;1;92401;;1;"Participación ciudadana-JUVENTUD Y CENTRO ""MATA""";6000;9324.51
2017;1;92401;;1;"Participación ciudadana-JUVENTUD Y CENTRO ""MATA""";7200;8530.57
2018;1;92401;;1;"Participación ciudadana-JUVENTUD Y CENTRO ""MATA""";28600;36063.93
2019;1;92401;;1;"Participación ciudadana-JUVENTUD Y CENTRO ""MATA""";28100;38704.17
2020;1;92401;;1;"Participación ciudadana-JUVENTUD Y CENTRO ""MATA""";28100;11439.03
2021;1;92401;;1;"Participación ciudadana-JUVENTUD Y CENTRO ""MATA""";0;0
2022;1;92401;;1;"Participación ciudadana-JUVENTUD Y CENTRO ""MATA""";0;0
2023;1;92401;;1;"Participación ciudadana-JUVENTUD Y CENTRO ""MATA""";0;0
2024;1;92401;;1;"Participación ciudadana-JUVENTUD Y CENTRO ""MATA""";0;0
2010;1;92402;;;Ludoteca;3700;31990.59
2011;1;92402;;;Ludoteca;3700;35879.41
2012;1;92402;;;Ludoteca;3700;304.6
2013;1;92402;;;Ludoteca;1000;1186.53
2014;1;92402;;;Ludoteca;1000;1017.44
2015;1;92402;;;Ludoteca;0;0
2016;1;92402;;;Ludoteca;0;0
2017;1;92402;;;Ludoteca;0;0
2018;1;92402;;;Ludoteca;0;0
2019;1;92402;;;Ludoteca;0;0
2020;1;92402;;;Ludoteca;0;0
2021;1;92402;;;Ludoteca;0;0
2022;1;92402;;;Ludoteca;0;0
2023;1;92402;;;Ludoteca;0;0
2024;1;92402;;;Ludoteca;0;0
2010;1;92403;;;Dinamizador juvenil;9400;11593.39
2011;1;92403;;;Dinamizador juvenil;6493;5216.4
2012;1;92403;;;Dinamizador juvenil;7330.49;12017.93
2013;1;92403;;;Dinamizador juvenil;12519.38;15323.26
2014;1;92403;;;Dinamizador juvenil;8133.5;8062.5
2015;1;92403;;;Dinamizador juvenil;0;0
2016;1;92403;;;Dinamizador juvenil;0;0
2017;1;92403;;;Dinamizador juvenil;0;0
2018;1;92403;;;Dinamizador juvenil;0;0
2019;1;92403;;;Dinamizador juvenil;0;0
2020;1;92403;;;Dinamizador juvenil;0;0
2021;1;92403;;;Dinamizador juvenil;0;0
2022;1;92403;;;Dinamizador juvenil;0;0
2023;1;92403;;;Dinamizador juvenil;0;0
2024;1;92403;;;Dinamizador juvenil;0;0
2010;1;92404;;;Activa Joven;5000;1566.12
2011;1;92404;;;Activa Joven;5000;0
2012;1;92404;;;Activa Joven;0;0
2013;1;92404;;;Activa Joven;0;0
2014;1;92404;;;Activa Joven;0;0
2015;1;92404;;;Activa Joven;0;0
2016;1;92404;;;Activa Joven;0;0
2017;1;92404;;;Activa Joven;0;0
2018;1;92404;;;Activa Joven;0;0
2019;1;92404;;;Activa Joven;0;0
2020;1;92404;;;Activa Joven;0;0
2021;1;92404;;;Activa Joven;0;0
2022;1;92404;;;Activa Joven;0;0
2023;1;92404;;;Activa Joven;0;0
2024;1;92404;;;Activa Joven;0;0
2010;1;92900;;;FONDO DE CONTINGENCIA;0;0
2011;1;92900;;;FONDO DE CONTINGENCIA;0;0
2012;1;92900;;;FONDO DE CONTINGENCIA;0;0
2013;1;92900;;;FONDO DE CONTINGENCIA;0;0
2014;1;92900;;;FONDO DE CONTINGENCIA;0;0
2015;1;92900;;;FONDO DE CONTINGENCIA;0;0
2016;1;92900;;;FONDO DE CONTINGENCIA;0;0
2017;1;92900;;;FONDO DE CONTINGENCIA;20000;0
2018;1;92900;;;FONDO DE CONTINGENCIA;30000;0
2019;1;92900;;;FONDO DE CONTINGENCIA;180000;0
2020;1;92900;;;FONDO DE CONTINGENCIA;30000;0
2021;1;92900;;;FONDO DE CONTINGENCIA;36000;0
2022;1;92900;;;FONDO DE CONTINGENCIA;25000;0
2023;1;92900;;;FONDO DE CONTINGENCIA;88000;94334.31
2024;1;92900;;;FONDO DE CONTINGENCIA;160671;123364.78
2010;1;93100;;1;Política económica y fiscal;477099.91;328491.14
2011;1;93100;;1;Política económica y fiscal;464328.23;367889.11
2012;1;93100;;1;Política económica y fiscal;457499.45;354865.12
2013;1;93100;;1;Política económica y fiscal;458140.76;389253.27
2014;1;93100;;1;Política económica y fiscal;459735.4;384177
2015;1;93100;;1;Política económica y fiscal;400092.43;338270.4
2016;1;93100;;1;Política económica y fiscal;393934.3;333543.79
2017;1;93100;;1;Política económica y fiscal;390104.15;315817.99
2018;1;93100;;1;Política económica y fiscal;405993.63;323289.8
2019;1;93100;;1;Política económica y fiscal;430268.47;317571.6
2020;1;93100;;1;Política económica y fiscal;478301.19;409427.82
2021;1;93100;;1;Política económica y fiscal;506563.62;429903.37
2022;1;93100;;1;Política económica y fiscal;498038.01;462240.66
2023;1;93100;;1;Política económica y fiscal;519626.84;478347.01
2024;1;93100;;1;Política económica y fiscal;620128.57;629756.14
2010;1;93200;;;Gestión del sistema tributario.;0;0
2011;1;93200;;;Gestión del sistema tributario.;0;0
2012;1;93200;;;Gestión del sistema tributario.;0;0
2013;1;93200;;;Gestión del sistema tributario.;0;0
2014;1;93200;;;Gestión del sistema tributario.;0;0
2015;1;93200;;;Gestión del sistema tributario.;64000;65118.28
2016;1;93200;;;Gestión del sistema tributario.;70000;67246
2017;1;93200;;;Gestión del sistema tributario.;70000;62585.22
2018;1;93200;;;Gestión del sistema tributario.;73000;59684.5
2019;1;93200;;;Gestión del sistema tributario.;70000;70130.13
2020;1;93200;;;Gestión del sistema tributario.;82000;76133.89
2021;1;93200;;;Gestión del sistema tributario.;90000;91663.2
2022;1;93200;;;Gestión del sistema tributario.;130210;84350.07
2023;1;93200;;;Gestión del sistema tributario.;106710;79722.05
2024;1;93200;;;Gestión del sistema tributario.;0;0
2010;1;93300;;1;Gestión del patrimonio;0;0
2011;1;93300;;1;Gestión del patrimonio;0;0
2012;1;93300;;1;Gestión del patrimonio;0;0
2013;1;93300;;1;Gestión del patrimonio;0;0
2014;1;93300;;1;Gestión del patrimonio;0;21940.03
2015;1;93300;;1;Gestión del patrimonio;0;9204.53
2016;1;93300;;1;Gestión del patrimonio;0;11213.37
2017;1;93300;;1;Gestión del patrimonio;0;103832.97
2018;1;93300;;1;Gestión del patrimonio;0;19492.92
2019;1;93300;;1;Gestión del patrimonio;0;0
2020;1;93300;;1;Gestión del patrimonio;0;0
2021;1;93300;;1;Gestión del patrimonio;0;156041.81
2022;1;93300;;1;Gestión del patrimonio;0;21608.18
2023;1;93300;;1;Gestión del patrimonio;0;0
2024;1;93300;;1;Gestión del patrimonio;0;0
2010;1;93301;;;Gestión del patrimonio:Varias Reformas en Instalaciones Deportiva;0;0
2011;1;93301;;;Gestión del patrimonio:Varias Reformas en Instalaciones Deportiva;0;0
2012;1;93301;;;Gestión del patrimonio:Varias Reformas en Instalaciones Deportiva;0;0
2013;1;93301;;;Gestión del patrimonio:Varias Reformas en Instalaciones Deportiva;0;0
2014;1;93301;;;Gestión del patrimonio:Varias Reformas en Instalaciones Deportiva;0;0
2015;1;93301;;;Gestión del patrimonio:Varias Reformas en Instalaciones Deportiva;0;28241.4
2016;1;93301;;;Gestión del patrimonio:Varias Reformas en Instalaciones Deportiva;0;17947.35
2017;1;93301;;;Gestión del patrimonio:Varias Reformas en Instalaciones Deportiva;0;0
2018;1;93301;;;Gestión del patrimonio:Varias Reformas en Instalaciones Deportiva;0;0
2019;1;93301;;;Gestión del patrimonio:Varias Reformas en Instalaciones Deportiva;0;0
2020;1;93301;;;Gestión del patrimonio:Varias Reformas en Instalaciones Deportiva;0;0
2021;1;93301;;;Gestión del patrimonio:Varias Reformas en Instalaciones Deportiva;0;0
2022;1;93301;;;Gestión del patrimonio:Varias Reformas en Instalaciones Deportiva;0;0
2023;1;93301;;;Gestión del patrimonio:Varias Reformas en Instalaciones Deportiva;0;0
2024;1;93301;;;Gestión del patrimonio:Varias Reformas en Instalaciones Deportiva;0;0
2010;1;93302;;;Gestión del patrimonio:Obras Sitios del Cementerio;0;0
2011;1;93302;;;Gestión del patrimonio:Obras Sitios del Cementerio;0;0
2012;1;93302;;;Gestión del patrimonio:Obras Sitios del Cementerio;0;0
2013;1;93302;;;Gestión del patrimonio:Obras Sitios del Cementerio;0;0
2014;1;93302;;;Gestión del patrimonio:Obras Sitios del Cementerio;0;0
2015;1;93302;;;Gestión del patrimonio:Obras Sitios del Cementerio;0;0
2016;1;93302;;;Gestión del patrimonio:Obras Sitios del Cementerio;0;18999.92
2017;1;93302;;;Gestión del patrimonio:Obras Sitios del Cementerio;0;93999.99
2018;1;93302;;;Gestión del patrimonio:Obras Sitios del Cementerio;0;0
2019;1;93302;;;Gestión del patrimonio:Obras Sitios del Cementerio;0;0
2020;1;93302;;;Gestión del patrimonio:Obras Sitios del Cementerio;0;0
2021;1;93302;;;Gestión del patrimonio:Obras Sitios del Cementerio;0;0
2022;1;93302;;;Gestión del patrimonio:Obras Sitios del Cementerio;0;0
2023;1;93302;;;Gestión del patrimonio:Obras Sitios del Cementerio;0;0
2024;1;93302;;;Gestión del patrimonio:Obras Sitios del Cementerio;0;0
2010;1;93303;;;Gestión del patrimonio: Cambio aire acondicionado Casa de Cultura;0;0
2011;1;93303;;;Gestión del patrimonio: Cambio aire acondicionado Casa de Cultura;0;0
2012;1;93303;;;Gestión del patrimonio: Cambio aire acondicionado Casa de Cultura;0;0
2013;1;93303;;;Gestión del patrimonio: Cambio aire acondicionado Casa de Cultura;0;0
2014;1;93303;;;Gestión del patrimonio: Cambio aire acondicionado Casa de Cultura;0;0
2015;1;93303;;;Gestión del patrimonio: Cambio aire acondicionado Casa de Cultura;0;5703.94
2016;1;93303;;;Gestión del patrimonio: Cambio aire acondicionado Casa de Cultura;0;0
2017;1;93303;;;Gestión del patrimonio: Cambio aire acondicionado Casa de Cultura;0;207835.46
2018;1;93303;;;Gestión del patrimonio: Cambio aire acondicionado Casa de Cultura;0;0
2019;1;93303;;;Gestión del patrimonio: Cambio aire acondicionado Casa de Cultura;0;0
2020;1;93303;;;Gestión del patrimonio: Cambio aire acondicionado Casa de Cultura;0;0
2021;1;93303;;;Gestión del patrimonio: Cambio aire acondicionado Casa de Cultura;0;0
2022;1;93303;;;Gestión del patrimonio: Cambio aire acondicionado Casa de Cultura;0;0
2023;1;93303;;;Gestión del patrimonio: Cambio aire acondicionado Casa de Cultura;0;0
2024;1;93303;;;Gestión del patrimonio: Cambio aire acondicionado Casa de Cultura;0;0
2010;1;93304;;;Gestión del patrimonio:Cambio aire acondicionado Escuela de Músic;0;0
2011;1;93304;;;Gestión del patrimonio:Cambio aire acondicionado Escuela de Músic;0;0
2012;1;93304;;;Gestión del patrimonio:Cambio aire acondicionado Escuela de Músic;0;0
2013;1;93304;;;Gestión del patrimonio:Cambio aire acondicionado Escuela de Músic;0;0
2014;1;93304;;;Gestión del patrimonio:Cambio aire acondicionado Escuela de Músic;0;0
2015;1;93304;;;Gestión del patrimonio:Cambio aire acondicionado Escuela de Músic;0;4170.87
2016;1;93304;;;Gestión del patrimonio:Cambio aire acondicionado Escuela de Músic;0;9758.41
2017;1;93304;;;Gestión del patrimonio:Cambio aire acondicionado Escuela de Músic;0;0
2018;1;93304;;;Gestión del patrimonio:Cambio aire acondicionado Escuela de Músic;0;0
2019;1;93304;;;Gestión del patrimonio:Cambio aire acondicionado Escuela de Músic;0;0
2020;1;93304;;;Gestión del patrimonio:Cambio aire acondicionado Escuela de Músic;0;0
2021;1;93304;;;Gestión del patrimonio:Cambio aire acondicionado Escuela de Músic;0;0
2022;1;93304;;;Gestión del patrimonio:Cambio aire acondicionado Escuela de Músic;0;0
2023;1;93304;;;Gestión del patrimonio:Cambio aire acondicionado Escuela de Músic;0;0
2024;1;93304;;;Gestión del patrimonio:Cambio aire acondicionado Escuela de Músic;0;0
2010;1;93305;;;Gestión del patrimonio: ¿?;0;0
2011;1;93305;;;Gestión del patrimonio: ¿?;0;0
2012;1;93305;;;Gestión del patrimonio: ¿?;0;0
2013;1;93305;;;Gestión del patrimonio: ¿?;0;0
2014;1;93305;;;Gestión del patrimonio: ¿?;0;0
2015;1;93305;;;Gestión del patrimonio: ¿?;0;0
2016;1;93305;;;Gestión del patrimonio: ¿?;0;0
2017;1;93305;;;Gestión del patrimonio: ¿?;0;242500
2018;1;93305;;;Gestión del patrimonio: ¿?;24250;24197.56
2019;1;93305;;;Gestión del patrimonio: ¿?;0;0
2020;1;93305;;;Gestión del patrimonio: ¿?;0;0
2021;1;93305;;;Gestión del patrimonio: ¿?;0;0
2022;1;93305;;;Gestión del patrimonio: ¿?;0;0
2023;1;93305;;;Gestión del patrimonio: ¿?;0;0
2024;1;93305;;;Gestión del patrimonio: ¿?;0;0
2010;1;93306;;;Gestión del patrimonio: ¿?;0;0
2011;1;93306;;;Gestión del patrimonio: ¿?;0;0
2012;1;93306;;;Gestión del patrimonio: ¿?;0;0
2013;1;93306;;;Gestión del patrimonio: ¿?;0;0
2014;1;93306;;;Gestión del patrimonio: ¿?;0;0
2015;1;93306;;;Gestión del patrimonio: ¿?;0;0
2016;1;93306;;;Gestión del patrimonio: ¿?;0;109999.16
2017;1;93306;;;Gestión del patrimonio: ¿?;0;52546.5
2018;1;93306;;;Gestión del patrimonio: ¿?;7590.5;7590.5
2019;1;93306;;;Gestión del patrimonio: ¿?;0;0
2020;1;93306;;;Gestión del patrimonio: ¿?;0;0
2021;1;93306;;;Gestión del patrimonio: ¿?;0;0
2022;1;93306;;;Gestión del patrimonio: ¿?;0;0
2023;1;93306;;;Gestión del patrimonio: ¿?;0;0
2024;1;93306;;;Gestión del patrimonio: ¿?;0;0
2010;1;94400;;;Transferencias a la Administración General del Estado;50000;11065.81
2011;1;94400;;;Transferencias a la Administración General del Estado;104379.35;120985.62
2012;1;94400;;;Transferencias a la Administración General del Estado;40000;10669.91
2013;1;94400;;;Transferencias a la Administración General del Estado;40000;84678.96
2014;1;94400;;;Transferencias a la Administración General del Estado;40000;17769.48
2015;1;94400;;;Transferencias a la Administración General del Estado;0;0
2016;1;94400;;;Transferencias a la Administración General del Estado;0;0
2017;1;94400;;;Transferencias a la Administración General del Estado;0;0
2018;1;94400;;;Transferencias a la Administración General del Estado;0;0
2019;1;94400;;;Transferencias a la Administración General del Estado;0;0
2020;1;94400;;;Transferencias a la Administración General del Estado;0;0
2021;1;94400;;;Transferencias a la Administración General del Estado;0;0
2022;1;94400;;;Transferencias a la Administración General del Estado;0;0
2023;1;94400;;;Transferencias a la Administración General del Estado;0;0
2024;1;94400;;;Transferencias a la Administración General del Estado;0;0
